-- phpMyAdmin SQL Dump
-- version 4.1.14
-- http://www.phpmyadmin.net
--
-- Client :  127.0.0.1
-- Généré le :  Dim 07 Mai 2017 à 11:24
-- Version du serveur :  5.6.17
-- Version de PHP :  5.5.12

SET FOREIGN_KEY_CHECKS=0;
SET SQL_MODE = "NO_AUTO_VALUE_ON_ZERO";
SET time_zone = "+00:00";


/*!40101 SET @OLD_CHARACTER_SET_CLIENT=@@CHARACTER_SET_CLIENT */;
/*!40101 SET @OLD_CHARACTER_SET_RESULTS=@@CHARACTER_SET_RESULTS */;
/*!40101 SET @OLD_COLLATION_CONNECTION=@@COLLATION_CONNECTION */;
/*!40101 SET NAMES utf8 */;

--
-- Base de données :  `taxe_commune1`
--

-- --------------------------------------------------------

--
-- Structure de la table `annexeadministratif`
--

CREATE TABLE IF NOT EXISTS `annexeadministratif` (
  `ID` bigint(20) NOT NULL AUTO_INCREMENT,
  `ABREVIATION` varchar(255) DEFAULT NULL,
  `NOM` varchar(255) DEFAULT NULL,
  `SECTEUR_ID` bigint(20) DEFAULT NULL,
  PRIMARY KEY (`ID`),
  KEY `FK_ANNEXEADMINISTRATIF_SECTEUR_ID` (`SECTEUR_ID`)
) ENGINE=InnoDB  DEFAULT CHARSET=latin1 AUTO_INCREMENT=26 ;

--
-- Contenu de la table `annexeadministratif`
--

INSERT INTO `annexeadministratif` (`ID`, `ABREVIATION`, `NOM`, `SECTEUR_ID`) VALUES
(1, 'Gz', 'Gueliz', 1),
(2, 'CT', 'Centre', 1),
(3, 'E3', 'Elbadi3', 2),
(4, 'AMCH', 'Amerchich', 2),
(5, 'BDK', 'Bab Dekkala', 3),
(6, 'EMH', 'Elmlah', 3),
(7, 'W4', 'wahda4', 2),
(8, 'MSR', 'massira', 4),
(9, 'SMB', 'Sidi mbarek', 4),
(10, 'INR', 'Inara', 5),
(11, 'h1', 'hhhh1', 9),
(12, 'hh2', 'hhh2', 9),
(13, 'MSR', 'massira', 1),
(14, 'hhh23', 'hhh3', 9),
(15, 'new', 'new annexe', 10),
(16, 'au', 'autre annex', 10),
(17, 'yu', 'yuyuyu', 10),
(18, '1111a1', 'aaa1', 10),
(19, 'h33', 'hhhhh33', 9),
(20, 'so', 'souail', 10),
(21, 'hh4', 'hhhhh4', 9),
(22, 'ab', 'abed', 10),
(23, 'ar', 'laarbi', 9),
(24, 'SGH', 'SIDI GHANEM', 7),
(25, 'ZDH', 'Izdihar', 7);

-- --------------------------------------------------------

--
-- Structure de la table `categorie`
--

CREATE TABLE IF NOT EXISTS `categorie` (
  `ID` bigint(20) NOT NULL AUTO_INCREMENT,
  `NOM` varchar(255) DEFAULT NULL,
  PRIMARY KEY (`ID`)
) ENGINE=InnoDB  DEFAULT CHARSET=latin1 AUTO_INCREMENT=10 ;

--
-- Contenu de la table `categorie`
--

INSERT INTO `categorie` (`ID`, `NOM`) VALUES
(1, '1Etoile'),
(2, '2Etoile'),
(3, '3Etoile'),
(4, '4Etoile'),
(5, '5Etoile'),
(6, 'LUXE'),
(7, 'MAISON HOTE'),
(8, 'RYIAD'),
(9, 'VILLAGES VACANCES');

-- --------------------------------------------------------

--
-- Structure de la table `device`
--

CREATE TABLE IF NOT EXISTS `device` (
  `ID` bigint(20) NOT NULL AUTO_INCREMENT,
  `BROWSER` varchar(255) DEFAULT NULL,
  `DEVICECATEGORIE` varchar(255) DEFAULT NULL,
  `OPERATINGSYSTEM` varchar(255) DEFAULT NULL,
  `DATECREATION` timestamp NULL DEFAULT NULL,
  `USER_LOGIN` varchar(255) DEFAULT NULL,
  PRIMARY KEY (`ID`),
  KEY `FK_DEVICE_USER_LOGIN` (`USER_LOGIN`)
) ENGINE=InnoDB  DEFAULT CHARSET=latin1 AUTO_INCREMENT=8 ;

--
-- Contenu de la table `device`
--

INSERT INTO `device` (`ID`, `BROWSER`, `DEVICECATEGORIE`, `OPERATINGSYSTEM`, `DATECREATION`, `USER_LOGIN`) VALUES
(1, 'Chrome', 'Personal computer', 'Windows 7', NULL, 'admin'),
(2, 'Chrome', 'Personal computer', 'Windows 7', '2017-05-05 01:08:16', 'admiwf'),
(3, 'Firefox', 'Personal computer', 'Windows 7', '2017-05-06 15:34:12', 'admin'),
(4, 'Firefox', 'Personal computer', 'Windows 7', '2017-05-07 02:22:41', 'root'),
(5, 'Firefox', 'Personal computer', 'Windows 7', '2017-05-07 02:44:31', 'Souhail'),
(6, 'Firefox', 'Personal computer', 'Windows 7', '2017-05-07 03:18:07', 'ali'),
(7, 'Chrome', 'Personal computer', 'Windows 7', '2017-05-07 08:27:46', 'root');

-- --------------------------------------------------------

--
-- Structure de la table `historique`
--

CREATE TABLE IF NOT EXISTS `historique` (
  `ID` bigint(20) NOT NULL AUTO_INCREMENT,
  `DATEACTION` timestamp NULL DEFAULT NULL,
  `TYPE` int(11) DEFAULT NULL,
  `DEVICE_ID` bigint(20) DEFAULT NULL,
  `USER_LOGIN` varchar(255) DEFAULT NULL,
  PRIMARY KEY (`ID`),
  KEY `FK_HISTORIQUE_DEVICE_ID` (`DEVICE_ID`),
  KEY `FK_HISTORIQUE_USER_LOGIN` (`USER_LOGIN`)
) ENGINE=InnoDB  DEFAULT CHARSET=latin1 AUTO_INCREMENT=598 ;

--
-- Contenu de la table `historique`
--

INSERT INTO `historique` (`ID`, `DATEACTION`, `TYPE`, `DEVICE_ID`, `USER_LOGIN`) VALUES
(46, '2017-04-13 09:09:03', 1, NULL, 'admin'),
(47, '2017-04-13 11:57:25', 1, NULL, 'admin'),
(48, '2017-04-13 11:57:41', 2, NULL, 'admin'),
(49, '2017-04-13 11:59:00', 1, NULL, 'admin'),
(50, '2017-04-13 12:00:41', 2, NULL, 'admin'),
(51, '2017-04-13 12:02:56', 1, NULL, 'admin'),
(52, '2017-04-13 12:03:00', 2, NULL, 'admin'),
(53, '2017-04-13 12:08:10', 1, NULL, 'admin'),
(54, '2017-04-13 13:23:25', 1, NULL, 'admin'),
(55, '2017-04-13 13:25:43', 1, NULL, 'admin'),
(56, '2017-04-13 13:28:05', 2, NULL, 'admin'),
(57, '2017-04-13 13:28:33', 1, NULL, 'admin'),
(58, '2017-04-13 14:19:22', 1, NULL, 'admin'),
(59, '2017-04-13 14:26:50', 1, NULL, 'admin'),
(60, '2017-04-13 14:32:00', 1, NULL, 'admin'),
(61, '2017-04-13 14:36:35', 1, NULL, 'admin'),
(62, '2017-04-13 14:42:32', 1, NULL, 'admin'),
(63, '2017-04-13 14:46:48', 1, NULL, 'admin'),
(64, '2017-04-13 14:54:00', 1, NULL, 'admin'),
(65, '2017-04-13 15:33:59', 1, NULL, 'admin'),
(67, '2017-04-13 22:37:02', 1, NULL, 'admin'),
(68, '2017-04-13 23:10:40', 1, 1, 'admin'),
(69, '2017-04-13 23:13:09', 2, 1, 'admin'),
(70, '2017-04-13 23:13:21', 1, 1, 'admin'),
(71, '2017-04-13 23:28:39', 1, 1, 'admin'),
(72, '2017-04-13 23:35:42', 1, 1, 'admin'),
(73, '2017-04-13 23:39:00', 1, 1, 'ADMIN'),
(74, '2017-04-13 23:39:52', 2, 1, 'ADMIN'),
(75, '2017-04-13 23:41:11', 1, NULL, 'admin'),
(76, '2017-04-13 23:53:49', 1, 1, 'admin'),
(77, '2017-04-14 09:16:46', 1, 1, 'admin'),
(78, '2017-04-14 11:11:20', 1, 1, 'admin'),
(79, '2017-04-15 10:39:34', 1, 1, 'admin'),
(80, '2017-04-15 11:43:32', 1, 1, 'admin'),
(81, '2017-04-15 12:53:42', 1, 1, 'admin'),
(82, '2017-04-15 13:53:48', 1, 1, 'admin'),
(83, '2017-04-15 13:54:12', 1, 1, 'admin'),
(84, '2017-04-15 13:54:22', 1, 1, 'admin'),
(85, '2017-04-15 14:07:12', 1, NULL, 'admin'),
(86, '2017-04-15 14:08:28', 1, NULL, 'admin'),
(87, '2017-04-17 20:27:17', 1, NULL, 'admin'),
(88, '2017-04-17 20:27:26', 2, NULL, 'admin'),
(89, '2017-04-17 23:09:51', 1, 1, 'admin'),
(90, '2017-04-18 11:48:49', 1, 1, 'admin'),
(91, '2017-04-18 12:06:29', 1, 1, 'admin'),
(92, '2017-04-18 13:14:08', 1, 1, 'admin'),
(93, '2017-04-18 13:18:29', 2, 1, 'admin'),
(94, '2017-04-18 13:19:02', 1, 1, 'admin'),
(95, '2017-04-18 14:45:23', 1, 1, 'admin'),
(96, '2017-04-18 15:02:48', 1, 1, 'admin'),
(97, '2017-04-18 15:15:19', 1, 1, 'admin'),
(98, '2017-04-18 15:21:03', 1, 1, 'admin'),
(99, '2017-04-18 16:51:24', 1, 1, 'admin'),
(100, '2017-04-19 08:31:37', 1, 1, 'admin'),
(101, '2017-04-19 12:46:19', 1, 1, 'admin'),
(102, '2017-04-19 12:57:14', 1, 1, 'admin'),
(103, '2017-04-19 13:10:21', 1, 1, 'admin'),
(104, '2017-04-19 13:27:31', 1, 1, 'admin'),
(105, '2017-04-19 13:27:49', 1, 1, 'admin'),
(106, '2017-04-19 14:33:42', 1, 1, 'admin'),
(107, '2017-04-19 14:38:54', 1, 1, 'admin'),
(108, '2017-04-19 14:53:57', 1, 1, 'admin'),
(109, '2017-04-19 14:56:05', 1, 1, 'admin'),
(110, '2017-04-19 15:00:36', 1, 1, 'admin'),
(111, '2017-04-19 15:03:24', 1, 1, 'admin'),
(112, '2017-04-19 16:01:42', 1, 1, 'admin'),
(113, '2017-04-19 20:31:46', 1, 1, 'admin'),
(114, '2017-04-19 21:14:18', 1, 1, 'admin'),
(115, '2017-04-19 21:16:40', 1, 1, 'admin'),
(116, '2017-04-19 21:24:40', 1, 1, 'admin'),
(117, '2017-04-19 21:28:26', 1, 1, 'admin'),
(118, '2017-04-19 21:33:13', 1, 1, 'admin'),
(119, '2017-04-19 22:37:29', 1, 1, 'admin'),
(120, '2017-04-19 23:13:15', 1, 1, 'admin'),
(121, '2017-04-20 09:36:12', 1, 1, 'admin'),
(122, '2017-04-20 10:57:41', 1, 1, 'admin'),
(123, '2017-04-20 11:28:01', 1, 1, 'admin'),
(124, '2017-04-20 17:07:48', 1, 1, 'admin'),
(125, '2017-04-20 17:19:32', 1, 1, 'admin'),
(126, '2017-04-20 17:47:40', 1, 1, 'admin'),
(127, '2017-04-20 18:36:17', 1, 1, 'admin'),
(128, '2017-04-20 18:45:59', 1, 1, 'admin'),
(129, '2017-04-20 18:51:30', 2, 1, 'admin'),
(130, '2017-04-20 20:18:08', 1, 1, 'admin'),
(131, '2017-04-21 22:52:19', 1, 1, 'admin'),
(132, '2017-04-21 23:35:31', 1, 1, 'admin'),
(133, '2017-04-22 00:07:12', 1, 1, 'admin'),
(134, '2017-04-22 00:07:55', 1, 1, 'admin'),
(135, '2017-04-22 01:04:40', 1, 1, 'admin'),
(136, '2017-04-22 10:54:39', 1, 1, 'admin'),
(137, '2017-04-22 12:16:59', 1, 1, 'admin'),
(138, '2017-04-22 12:24:45', 1, 1, 'admin'),
(139, '2017-04-22 13:07:02', 1, 1, 'admin'),
(140, '2017-04-22 13:45:55', 1, 1, 'admin'),
(141, '2017-04-22 13:46:34', 2, 1, 'admin'),
(142, '2017-04-22 17:29:49', 1, 1, 'admin'),
(143, '2017-04-22 17:31:41', 2, 1, 'admin'),
(144, '2017-04-22 17:51:48', 2, 1, NULL),
(145, '2017-04-22 18:01:05', 1, 1, 'admin'),
(146, '2017-04-22 18:01:10', 1, 1, 'admin'),
(147, '2017-04-22 18:01:11', 1, 1, 'admin'),
(148, '2017-04-22 18:01:23', 1, 1, 'admin'),
(149, '2017-04-22 18:01:37', 1, 1, 'admin'),
(150, '2017-04-22 18:03:34', 1, 1, 'admin'),
(151, '2017-04-22 18:03:36', 1, 1, 'admin'),
(152, '2017-04-22 18:03:38', 1, 1, 'admin'),
(153, '2017-04-22 18:05:43', 1, 1, 'admin'),
(154, '2017-04-22 18:05:46', 1, 1, 'admin'),
(155, '2017-04-22 18:06:48', 1, 1, 'admin'),
(156, '2017-04-22 18:06:54', 2, 1, 'admin'),
(157, '2017-04-22 18:07:15', 1, 1, 'admin'),
(158, '2017-04-22 18:07:43', 1, 1, 'admin'),
(159, '2017-04-22 18:07:52', 2, 1, 'admin'),
(160, '2017-04-22 18:08:03', 2, 1, 'admin'),
(161, '2017-04-22 18:08:23', 1, 1, 'admin'),
(162, '2017-04-22 18:09:12', 1, 1, 'admin'),
(163, '2017-04-22 18:11:05', 1, 1, 'admin'),
(164, '2017-04-22 18:15:35', 1, 1, 'admin'),
(165, '2017-04-22 18:15:38', 1, 1, 'admin'),
(166, '2017-04-22 18:15:39', 1, 1, 'admin'),
(167, '2017-04-22 18:16:02', 1, 1, 'admin'),
(168, '2017-04-22 18:17:50', 1, 1, 'admin'),
(169, '2017-04-22 18:25:31', 1, 1, 'admin'),
(170, '2017-04-22 18:26:52', 1, 1, 'admin'),
(171, '2017-04-22 18:33:31', 1, 1, 'admin'),
(172, '2017-04-22 18:35:14', 1, 1, 'admin'),
(173, '2017-04-22 18:38:52', 1, 1, 'admin'),
(174, '2017-04-22 18:48:30', 2, 1, 'admin'),
(175, '2017-04-22 18:48:32', 1, 1, 'admin'),
(176, '2017-04-22 18:52:28', 1, 1, 'admin'),
(177, '2017-04-22 18:55:09', 2, 1, 'admin'),
(178, '2017-04-22 18:55:11', 1, 1, 'admin'),
(179, '2017-04-22 19:09:16', 1, 1, 'admin'),
(180, '2017-04-22 19:10:01', 1, 1, 'admin'),
(181, '2017-04-22 19:53:02', 1, 1, 'admin'),
(182, '2017-04-22 19:56:00', 1, NULL, 'admin'),
(183, '2017-04-22 19:59:51', 1, 1, 'admin'),
(184, '2017-04-22 20:08:09', 1, 1, 'admin'),
(185, '2017-04-22 20:58:00', 1, 1, 'admin'),
(186, '2017-04-22 22:24:58', 1, 1, 'admin'),
(187, '2017-04-22 23:14:09', 1, 1, 'admin'),
(188, '2017-04-22 23:23:00', 1, 1, 'admin'),
(189, '2017-04-22 23:37:47', 1, 1, 'admin'),
(190, '2017-04-22 23:47:09', 1, 1, 'admin'),
(191, '2017-04-22 23:54:11', 1, 1, 'admin'),
(192, '2017-04-23 00:27:28', 1, 1, 'admin'),
(193, '2017-04-23 00:36:33', 1, 1, 'admin'),
(194, '2017-04-23 16:20:39', 1, 1, 'admin'),
(195, '2017-04-23 16:28:10', 1, 1, 'admin'),
(196, '2017-04-23 16:34:02', 1, 1, 'admin'),
(197, '2017-04-23 16:52:51', 1, 1, 'admin'),
(198, '2017-04-23 16:54:05', 1, 1, 'admin'),
(199, '2017-04-23 17:02:24', 1, 1, 'admin'),
(200, '2017-04-23 17:06:17', 1, 1, 'admin'),
(201, '2017-04-23 17:07:50', 1, 1, 'admin'),
(202, '2017-04-23 17:20:51', 1, 1, 'admin'),
(203, '2017-04-23 17:27:08', 1, 1, 'admin'),
(204, '2017-04-23 17:31:16', 1, 1, 'admin'),
(205, '2017-04-23 21:40:04', 1, 1, 'admin'),
(206, '2017-04-24 11:18:40', 1, 1, 'admin'),
(207, '2017-04-24 12:09:28', 1, 1, 'admin'),
(208, '2017-04-25 00:26:34', 1, 1, 'admin'),
(209, '2017-04-25 00:58:14', 1, NULL, 'admin'),
(210, '2017-04-25 00:59:42', 2, NULL, 'admin'),
(211, '2017-04-25 01:00:15', 2, NULL, 'admin'),
(212, '2017-04-25 01:03:10', 2, NULL, 'admin'),
(213, '2017-04-25 01:05:31', 2, NULL, 'admin'),
(214, '2017-04-25 01:06:09', 2, NULL, 'admin'),
(215, '2017-04-25 01:06:47', 2, NULL, 'admin'),
(216, '2017-04-25 01:06:51', 2, NULL, 'admin'),
(217, '2017-04-25 01:07:36', 2, NULL, 'admin'),
(218, '2017-04-25 01:07:40', 2, NULL, 'admin'),
(219, '2017-04-25 01:07:54', 2, NULL, 'admin'),
(220, '2017-04-25 01:09:53', 2, NULL, 'admin'),
(221, '2017-04-25 01:09:57', 2, NULL, 'admin'),
(222, '2017-04-25 01:10:01', 2, NULL, 'admin'),
(223, '2017-04-25 01:10:52', 2, NULL, 'admin'),
(224, '2017-04-25 01:10:54', 2, NULL, 'admin'),
(225, '2017-04-25 01:11:02', 2, NULL, 'admin'),
(226, '2017-04-25 01:11:32', 2, NULL, 'admin'),
(227, '2017-04-25 01:11:35', 2, NULL, 'admin'),
(228, '2017-04-25 01:11:38', 2, NULL, 'admin'),
(229, '2017-04-25 01:11:42', 2, NULL, 'admin'),
(230, '2017-04-25 01:11:45', 2, NULL, 'admin'),
(231, '2017-04-25 01:13:33', 2, NULL, 'admin'),
(232, '2017-04-25 01:13:37', 2, NULL, 'admin'),
(233, '2017-04-25 01:13:42', 2, NULL, 'admin'),
(234, '2017-04-25 01:13:47', 2, NULL, 'admin'),
(235, '2017-04-25 01:13:49', 2, NULL, 'admin'),
(236, '2017-04-25 01:13:54', 2, NULL, 'admin'),
(237, '2017-04-25 01:14:42', 2, NULL, 'admin'),
(238, '2017-04-25 01:15:30', 2, NULL, 'admin'),
(239, '2017-04-25 01:15:33', 2, NULL, 'admin'),
(240, '2017-04-25 01:15:38', 2, NULL, 'admin'),
(241, '2017-04-25 01:15:42', 2, NULL, 'admin'),
(242, '2017-04-25 01:15:46', 2, NULL, 'admin'),
(243, '2017-04-25 01:15:48', 2, NULL, 'admin'),
(244, '2017-04-25 01:16:26', 2, NULL, 'admin'),
(245, '2017-04-25 01:16:28', 2, NULL, 'admin'),
(246, '2017-04-25 01:16:33', 2, NULL, 'admin'),
(247, '2017-04-25 01:16:37', 2, NULL, 'admin'),
(248, '2017-04-25 01:17:53', 2, NULL, 'admin'),
(249, '2017-04-25 01:18:18', 2, NULL, 'admin'),
(250, '2017-04-25 01:18:28', 2, NULL, 'admin'),
(251, '2017-04-25 01:18:56', 2, NULL, 'admin'),
(252, '2017-04-25 01:21:12', 1, NULL, 'admin'),
(253, '2017-04-25 01:21:29', 2, NULL, 'admin'),
(254, '2017-04-25 01:22:44', 1, NULL, 'admin'),
(255, '2017-04-25 01:22:55', 2, NULL, 'admin'),
(256, '2017-04-25 01:23:14', 2, NULL, 'admin'),
(257, '2017-04-25 01:25:55', 1, 1, 'admin'),
(258, '2017-04-25 01:25:59', 2, 1, 'admin'),
(259, '2017-04-25 01:26:07', 2, 1, 'admin'),
(260, '2017-04-25 01:26:14', 2, 1, 'admin'),
(261, '2017-04-25 01:26:18', 2, 1, 'admin'),
(262, '2017-04-25 01:27:02', 1, 1, 'admin'),
(263, '2017-04-25 01:27:06', 2, 1, 'admin'),
(264, '2017-04-25 01:28:48', 2, 1, 'admin'),
(265, '2017-04-25 13:14:56', 1, 1, 'admin'),
(266, '2017-04-25 13:16:20', 2, 1, 'admin'),
(267, '2017-04-25 13:18:41', 2, 1, 'admin'),
(268, '2017-04-25 13:19:28', 2, 1, 'admin'),
(269, '2017-04-25 13:20:00', 2, 1, 'admin'),
(270, '2017-04-25 13:22:24', 1, 1, 'admin'),
(271, '2017-04-25 13:22:36', 2, 1, 'admin'),
(272, '2017-04-25 15:12:06', 1, 1, 'admin'),
(273, '2017-04-25 15:12:34', 2, 1, 'admin'),
(274, '2017-04-25 15:13:15', 2, 1, 'admin'),
(275, '2017-04-25 15:13:30', 2, 1, 'admin'),
(276, '2017-04-25 15:17:18', 2, 1, 'admin'),
(277, '2017-04-25 15:17:27', 1, 1, 'admin'),
(278, '2017-04-25 15:20:09', 2, 1, 'admin'),
(279, '2017-04-25 15:20:18', 1, 1, 'admin'),
(280, '2017-04-25 16:13:20', 1, 1, 'admin'),
(281, '2017-04-25 17:05:35', 1, 1, 'admin'),
(282, '2017-04-25 17:14:24', 1, 1, 'admin'),
(283, '2017-04-25 17:43:32', 1, 1, 'admin'),
(284, '2017-04-25 17:52:38', 2, 1, 'admin'),
(285, '2017-04-25 22:59:48', 1, 1, 'admin'),
(286, '2017-04-25 23:37:42', 1, 1, 'admin'),
(287, '2017-04-27 10:46:38', 1, 1, 'admin'),
(288, '2017-04-27 10:53:41', 2, 1, 'admin'),
(289, '2017-04-27 10:53:43', 1, 1, 'admin'),
(290, '2017-04-27 10:53:53', 2, 1, 'admin'),
(291, '2017-04-27 10:54:17', 1, 1, 'admin'),
(292, '2017-04-27 11:31:31', 2, 1, 'admin'),
(293, '2017-04-27 11:31:33', 1, 1, 'admin'),
(294, '2017-04-27 15:16:35', 1, 1, 'admin'),
(295, '2017-04-27 15:25:38', 1, 1, 'admin'),
(296, '2017-04-27 16:20:46', 1, 1, 'admin'),
(297, '2017-04-27 17:21:56', 1, 1, 'admin'),
(298, '2017-04-27 17:29:49', 1, 1, 'admin'),
(299, '2017-04-27 18:22:11', 1, 1, 'admin'),
(300, '2017-04-27 18:27:07', 1, 1, 'admin'),
(301, '2017-04-27 19:19:04', 1, 1, 'admin'),
(302, '2017-04-27 19:31:52', 1, 1, 'admin'),
(303, '2017-04-27 19:55:58', 1, 1, 'admin'),
(304, '2017-04-27 20:06:33', 1, 1, 'admin'),
(305, '2017-04-27 20:23:54', 1, 1, 'admin'),
(306, '2017-04-27 22:37:30', 1, 1, 'admin'),
(307, '2017-04-27 22:50:44', 1, 1, 'admin'),
(309, '2017-04-28 08:35:20', 1, 1, 'admin'),
(310, '2017-04-28 09:11:02', 1, 1, 'admin'),
(311, '2017-04-28 10:16:16', 1, 1, 'admin'),
(312, '2017-04-28 18:00:11', 1, 1, 'admin'),
(313, '2017-04-28 18:12:56', 1, 1, 'admin'),
(314, '2017-04-28 18:42:36', 1, 1, 'admin'),
(315, '2017-04-28 20:00:29', 1, 1, 'admin'),
(316, '2017-04-28 20:01:46', 1, 1, 'admin'),
(317, '2017-04-28 20:22:09', 2, 1, 'admin'),
(318, '2017-04-28 20:25:22', 1, 1, 'admin'),
(319, '2017-04-28 22:10:16', 1, 1, 'admin'),
(320, '2017-04-28 22:35:38', 1, 1, 'admin'),
(321, '2017-04-28 23:19:12', 1, 1, 'admin'),
(322, '2017-04-28 23:52:47', 1, 1, 'admin'),
(323, '2017-04-29 11:51:12', 1, 1, 'admin'),
(324, '2017-04-29 12:27:44', 2, 1, 'admin'),
(325, '2017-04-29 12:27:47', 1, 1, 'admin'),
(326, '2017-04-29 12:28:17', 1, 1, 'admin'),
(327, '2017-04-29 12:29:06', 1, 1, 'admin'),
(328, '2017-04-29 13:03:52', 1, 1, 'admin'),
(329, '2017-04-29 14:00:18', 1, 1, 'admin'),
(330, '2017-04-29 14:00:23', 2, 1, 'admin'),
(331, '2017-04-29 14:34:39', 2, 1, NULL),
(332, '2017-04-29 14:40:22', 2, 1, NULL),
(333, '2017-04-29 14:40:52', 2, 1, NULL),
(334, '2017-04-29 16:30:27', 2, 1, NULL),
(335, '2017-04-29 16:30:41', 1, 1, 'admin'),
(336, '2017-04-29 16:39:23', 2, 1, 'admin'),
(337, '2017-04-29 16:54:17', 2, 1, NULL),
(338, '2017-04-29 23:04:00', 1, 1, 'admin'),
(339, '2017-04-29 23:05:57', 2, 1, 'admin'),
(340, '2017-04-29 23:09:12', 1, 1, 'admin'),
(341, '2017-04-29 23:21:39', 1, 1, 'admin'),
(342, '2017-04-29 23:25:50', 1, 1, 'admin'),
(343, '2017-04-29 23:56:46', 1, 1, 'admin'),
(344, '2017-04-30 11:08:20', 1, 1, 'admin'),
(345, '2017-04-30 12:56:11', 1, 1, 'admin'),
(346, '2017-04-30 13:08:51', 1, 1, 'admin'),
(347, '2017-04-30 16:59:55', 1, 1, 'admin'),
(348, '2017-04-30 17:00:17', 1, 1, 'admin'),
(349, '2017-04-30 17:13:16', 1, 1, 'admin'),
(350, '2017-04-30 17:31:09', 1, 1, 'admin'),
(351, '2017-04-30 17:35:32', 1, 1, 'admin'),
(352, '2017-04-30 17:47:14', 1, 1, 'admin'),
(353, '2017-04-30 17:58:37', 1, 1, 'admin'),
(354, '2017-04-30 18:07:45', 1, 1, 'admin'),
(355, '2017-04-30 18:13:19', 1, 1, 'admin'),
(356, '2017-04-30 18:18:54', 1, 1, 'admin'),
(357, '2017-04-30 19:07:27', 1, 1, 'admin'),
(358, '2017-04-30 19:19:47', 1, 1, 'admin'),
(359, '2017-04-30 20:06:04', 1, 1, 'admin'),
(360, '2017-04-30 20:26:18', 1, 1, 'admin'),
(361, '2017-04-30 20:50:26', 1, 1, 'admin'),
(362, '2017-04-30 21:17:13', 1, 1, 'admin'),
(363, '2017-04-30 21:26:25', 1, 1, 'admin'),
(364, '2017-04-30 22:22:45', 1, 1, 'admin'),
(365, '2017-04-30 22:34:37', 1, 1, 'admin'),
(366, '2017-04-30 22:37:00', 1, 1, 'admin'),
(367, '2017-04-30 22:37:54', 1, 1, 'admin'),
(368, '2017-04-30 22:40:41', 1, 1, 'admin'),
(369, '2017-04-30 22:55:20', 1, 1, 'admin'),
(370, '2017-04-30 23:04:44', 1, 1, 'admin'),
(371, '2017-05-01 12:03:48', 1, 1, 'admin'),
(372, '2017-05-01 12:32:19', 2, 1, 'admin'),
(373, '2017-05-01 12:32:36', 1, 1, 'admin'),
(374, '2017-05-01 14:18:14', 1, 1, 'admin'),
(375, '2017-05-01 18:06:58', 1, 1, 'admin'),
(376, '2017-05-01 18:08:33', 2, 1, 'admin'),
(377, '2017-05-01 18:08:36', 1, 1, 'admin'),
(378, '2017-05-01 19:39:51', 1, 1, 'admin'),
(379, '2017-05-01 19:41:07', 2, 1, 'admin'),
(380, '2017-05-01 19:41:11', 1, 1, 'admin'),
(381, '2017-05-01 20:47:20', 2, 1, 'admin'),
(382, '2017-05-01 20:47:23', 1, 1, 'admin'),
(383, '2017-05-01 21:21:35', 1, 1, 'admin'),
(384, '2017-05-01 23:43:42', 1, 1, 'admin'),
(385, '2017-05-01 23:47:37', 1, 1, 'admin'),
(386, '2017-05-02 10:55:54', 1, 1, 'admin'),
(387, '2017-05-02 11:01:40', 1, 1, 'admin'),
(388, '2017-05-02 12:35:58', 1, 1, 'admin'),
(389, '2017-05-02 14:14:52', 1, 1, 'admin'),
(390, '2017-05-02 14:33:07', 2, 1, 'admin'),
(391, '2017-05-02 14:33:11', 1, 1, 'admin'),
(392, '2017-05-02 14:34:30', 2, 1, 'admin'),
(393, '2017-05-02 14:55:11', 1, 1, 'admin'),
(394, '2017-05-03 00:14:12', 1, 1, 'admin'),
(395, '2017-05-03 00:17:30', 1, 1, 'admin'),
(396, '2017-05-03 00:23:48', 1, 1, 'admin'),
(397, '2017-05-03 10:43:26', 1, 1, 'admin'),
(398, '2017-05-03 10:43:35', 2, 1, 'admin'),
(399, '2017-05-03 10:43:40', 1, 1, 'admin'),
(400, '2017-05-03 11:04:32', 1, 1, 'admin'),
(401, '2017-05-03 11:07:55', 1, 1, 'admin'),
(402, '2017-05-03 11:14:29', 1, 1, 'admin'),
(403, '2017-05-03 11:16:23', 1, 1, 'admin'),
(404, '2017-05-03 11:24:00', 1, 1, 'admin'),
(405, '2017-05-03 11:34:55', 1, 1, 'admin'),
(406, '2017-05-03 11:39:53', 1, 1, 'admin'),
(407, '2017-05-03 12:01:25', 1, 1, 'admin'),
(408, '2017-05-03 12:04:42', 1, 1, 'admin'),
(409, '2017-05-03 12:23:13', 1, 1, 'admin'),
(410, '2017-05-03 12:36:07', 1, 1, 'admin'),
(411, '2017-05-03 12:48:15', 1, 1, 'admin'),
(412, '2017-05-03 12:57:59', 1, 1, 'admin'),
(413, '2017-05-03 13:04:03', 1, 1, 'admin'),
(414, '2017-05-03 13:08:37', 1, 1, 'admin'),
(415, '2017-05-03 13:15:55', 1, 1, 'admin'),
(416, '2017-05-03 13:15:58', 2, 1, 'admin'),
(417, '2017-05-03 13:16:35', 1, 1, 'admin'),
(418, '2017-05-03 13:24:50', 1, 1, 'admin'),
(419, '2017-05-03 13:40:14', 1, 1, 'admin'),
(420, '2017-05-03 13:44:31', 1, 1, 'admin'),
(421, '2017-05-03 14:13:25', 1, 1, 'admin'),
(422, '2017-05-03 14:13:45', 2, 1, 'admin'),
(423, '2017-05-03 14:19:44', 1, 1, 'admin'),
(424, '2017-05-03 14:19:51', 1, 1, 'admin'),
(425, '2017-05-03 14:21:15', 1, 1, 'admin'),
(426, '2017-05-03 14:21:20', 1, 1, 'admin'),
(427, '2017-05-03 14:21:21', 1, 1, 'admin'),
(428, '2017-05-03 14:21:25', 1, 1, 'admin'),
(429, '2017-05-03 14:21:31', 1, 1, 'admin'),
(430, '2017-05-03 14:21:45', 1, 1, 'admin'),
(431, '2017-05-03 14:21:46', 1, 1, 'admin'),
(432, '2017-05-03 14:28:01', 1, 1, 'admin'),
(433, '2017-05-03 14:28:43', 1, 1, 'admin'),
(434, '2017-05-03 14:28:46', 1, 1, 'admin'),
(435, '2017-05-03 14:28:53', 1, 1, 'admin'),
(436, '2017-05-03 14:29:05', 1, 1, 'admin'),
(437, '2017-05-03 14:34:26', 1, 1, 'admin'),
(438, '2017-05-03 14:43:26', 2, 1, 'admin'),
(439, '2017-05-03 14:47:48', 1, 1, 'admin'),
(440, '2017-05-03 14:48:17', 1, 1, 'admin'),
(441, '2017-05-03 14:49:00', 2, 1, 'admin'),
(442, '2017-05-03 14:49:03', 1, 1, 'admin'),
(443, '2017-05-03 14:51:44', 1, 1, 'admin'),
(444, '2017-05-03 14:51:53', 1, 1, 'admin'),
(445, '2017-05-03 14:51:55', 1, 1, 'admin'),
(446, '2017-05-03 14:51:56', 1, 1, 'admin'),
(447, '2017-05-03 14:51:57', 1, 1, 'admin'),
(448, '2017-05-03 14:51:58', 1, 1, 'admin'),
(449, '2017-05-03 14:51:59', 1, 1, 'admin'),
(450, '2017-05-03 14:52:07', 1, 1, 'admin'),
(451, '2017-05-03 15:02:09', 1, 1, 'admin'),
(452, '2017-05-03 15:13:41', 1, 1, 'admin'),
(453, '2017-05-03 16:09:54', 2, 1, 'admin'),
(454, '2017-05-03 16:11:49', 1, 1, 'admin'),
(455, '2017-05-03 16:23:09', 2, 1, 'admin'),
(456, '2017-05-03 16:25:23', 1, 1, 'admin'),
(457, '2017-05-03 16:26:46', 2, 1, 'admin'),
(458, '2017-05-03 16:26:59', 1, 1, 'admin'),
(459, '2017-05-03 16:32:14', 2, 1, 'admin'),
(460, '2017-05-03 16:32:17', 1, 1, 'admin'),
(461, '2017-05-03 17:25:14', 1, 1, 'admin'),
(462, '2017-05-03 17:47:41', 1, 1, 'admin'),
(463, '2017-05-03 17:53:48', 1, 1, 'admin'),
(464, '2017-05-03 17:57:32', 1, 1, 'admin'),
(465, '2017-05-03 18:13:03', 1, 1, 'admin'),
(466, '2017-05-03 18:19:45', 1, 1, 'admin'),
(467, '2017-05-03 18:32:33', 1, 1, 'admin'),
(468, '2017-05-03 18:45:03', 1, 1, 'admin'),
(469, '2017-05-03 18:50:15', 1, 1, 'admin'),
(470, '2017-05-03 19:34:28', 1, 1, 'admin'),
(471, '2017-05-03 19:36:18', 1, 1, 'admin'),
(472, '2017-05-03 19:36:18', 1, 1, 'admin'),
(473, '2017-05-03 22:55:55', 1, 1, 'admin'),
(474, '2017-05-03 22:57:03', 2, 1, 'admin'),
(475, '2017-05-03 22:57:11', 1, 1, 'admin'),
(476, '2017-05-03 23:36:19', 1, 1, 'admin'),
(477, '2017-05-04 00:09:15', 1, 1, 'admin'),
(478, '2017-05-04 00:13:39', 1, 1, 'admin'),
(479, '2017-05-04 00:19:58', 1, 1, 'admin'),
(480, '2017-05-04 00:28:52', 1, 1, 'admin'),
(481, '2017-05-04 00:32:51', 1, 1, 'admin'),
(482, '2017-05-04 00:42:54', 1, 1, 'admin'),
(483, '2017-05-04 11:32:27', 1, 1, 'admin'),
(484, '2017-05-04 12:15:35', 1, 1, 'admin'),
(485, '2017-05-04 13:16:00', 1, 1, 'admin'),
(486, '2017-05-04 14:01:42', 1, 1, 'admin'),
(487, '2017-05-04 14:02:20', 2, 1, 'admin'),
(488, '2017-05-04 14:02:26', 1, 1, 'admin'),
(489, '2017-05-04 15:56:27', 1, 1, 'admin'),
(490, '2017-05-04 16:34:59', 1, 1, 'admin'),
(491, '2017-05-04 18:33:56', 1, 1, 'admin'),
(492, '2017-05-04 18:53:54', 1, 1, 'admin'),
(493, '2017-05-04 18:57:44', 1, 1, 'admin'),
(494, '2017-05-04 22:32:59', 1, 1, 'admin'),
(495, '2017-05-04 22:33:11', 1, 1, 'admin'),
(496, '2017-05-04 22:36:59', 1, 1, 'admin'),
(497, '2017-05-04 22:39:12', 1, 1, 'admin'),
(498, '2017-05-04 22:40:43', 1, 1, 'admin'),
(499, '2017-05-04 22:40:44', 1, 1, 'admin'),
(500, '2017-05-04 22:40:45', 1, 1, 'admin'),
(501, '2017-05-04 22:40:46', 1, 1, 'admin'),
(502, '2017-05-04 22:40:46', 1, 1, 'admin'),
(503, '2017-05-04 22:42:19', 1, 1, 'admin'),
(504, '2017-05-04 22:42:37', 1, 1, 'admin'),
(505, '2017-05-04 22:43:19', 1, 1, 'admin'),
(506, '2017-05-04 22:44:55', 1, 1, 'admin'),
(507, '2017-05-04 22:49:47', 1, 1, 'admin'),
(508, '2017-05-04 22:50:11', 1, 1, 'admin'),
(509, '2017-05-04 22:54:02', 1, 1, 'admin'),
(510, '2017-05-04 23:04:03', 1, 1, 'admin'),
(511, '2017-05-04 23:05:41', 1, 1, 'admin'),
(512, '2017-05-04 23:32:40', 1, 1, 'admin'),
(513, '2017-05-04 23:36:35', 1, 1, 'admin'),
(514, '2017-05-05 00:02:32', 1, 1, 'admin'),
(515, '2017-05-05 00:22:17', 1, 1, 'admin'),
(516, '2017-05-05 00:34:24', 1, 1, 'admin'),
(517, '2017-05-05 00:43:27', 1, 1, 'admin'),
(518, '2017-05-05 00:49:04', 1, 1, 'admin'),
(519, '2017-05-05 01:00:46', 1, 1, 'admin'),
(520, '2017-05-05 01:04:41', 1, 1, 'admin'),
(521, '2017-05-05 01:08:16', 1, 2, 'admiwf'),
(522, '2017-05-05 01:29:56', 1, 1, 'admin'),
(523, '2017-05-05 02:01:50', 1, 1, 'admin'),
(524, '2017-05-05 02:04:34', 1, 1, 'admin'),
(525, '2017-05-05 02:20:44', 1, 1, 'admin'),
(526, '2017-05-05 02:38:42', 1, 1, 'admin'),
(527, '2017-05-05 02:43:35', 1, 1, 'admin'),
(528, '2017-05-05 02:49:47', 1, 1, 'admin'),
(529, '2017-05-05 09:15:49', 1, 1, 'admin'),
(530, '2017-05-05 09:19:34', 1, 1, 'admin'),
(531, '2017-05-05 10:15:39', 1, 1, 'admin'),
(532, '2017-05-05 10:21:10', 1, 1, 'admin'),
(533, '2017-05-05 10:23:13', 1, 1, 'admin'),
(534, '2017-05-05 11:16:26', 1, 1, 'admin'),
(535, '2017-05-05 11:22:04', 1, 1, 'admin'),
(536, '2017-05-05 11:24:44', 1, 1, 'admin'),
(537, '2017-05-05 11:31:10', 1, 1, 'admin'),
(538, '2017-05-05 12:22:48', 1, 1, 'admin'),
(539, '2017-05-05 15:24:13', 1, 1, 'admin'),
(540, '2017-05-05 16:31:26', 1, 1, 'admin'),
(541, '2017-05-05 16:44:16', 1, 1, 'admin'),
(542, '2017-05-05 17:25:25', 1, 1, 'admin'),
(543, '2017-05-05 18:43:11', 1, 1, 'admin'),
(544, '2017-05-05 20:58:13', 1, 1, 'admin'),
(545, '2017-05-05 22:03:27', 1, 1, 'admin'),
(546, '2017-05-05 22:52:44', 1, 1, 'admin'),
(547, '2017-05-05 22:57:53', 1, 1, 'admin'),
(548, '2017-05-06 00:46:11', 1, 1, 'admin'),
(549, '2017-05-06 00:48:23', 1, 1, 'admin'),
(550, '2017-05-06 00:56:53', 1, 1, 'admin'),
(551, '2017-05-06 10:23:08', 1, 1, 'admin'),
(552, '2017-05-06 11:10:33', 1, 1, 'admin'),
(553, '2017-05-06 11:57:07', 2, 1, 'admin'),
(554, '2017-05-06 12:19:31', 1, 1, 'admin'),
(555, '2017-05-06 12:19:54', 1, 1, 'admin'),
(556, '2017-05-06 12:45:21', 1, 1, 'admin'),
(557, '2017-05-06 13:21:44', 2, 1, 'admin'),
(558, '2017-05-06 13:35:16', 1, 1, 'admin'),
(559, '2017-05-06 15:34:13', 1, 3, 'admin'),
(560, '2017-05-06 16:26:48', 1, 3, 'admin'),
(561, '2017-05-06 23:01:38', 1, 3, 'admin'),
(562, '2017-05-07 00:24:50', 1, 3, 'admin'),
(563, '2017-05-07 02:22:15', 2, 3, 'admin'),
(564, '2017-05-07 02:22:41', 1, 4, 'root'),
(565, '2017-05-07 02:44:31', 1, 5, 'souhail'),
(566, '2017-05-07 02:47:53', 2, 5, 'souhail'),
(567, '2017-05-07 02:48:01', 1, 4, 'root'),
(568, '2017-05-07 02:59:10', 2, 4, 'root'),
(569, '2017-05-07 02:59:15', 1, 5, 'souhail'),
(570, '2017-05-07 03:00:45', 2, 5, 'souhail'),
(571, '2017-05-07 03:00:51', 1, 3, 'admin'),
(572, '2017-05-07 03:01:01', 2, 3, 'admin'),
(573, '2017-05-07 03:01:11', 1, 4, 'root'),
(574, '2017-05-07 03:03:46', 2, 4, 'root'),
(575, '2017-05-07 03:04:44', 1, 4, 'root'),
(576, '2017-05-07 03:05:32', 2, 4, 'root'),
(577, '2017-05-07 03:05:49', 1, 3, 'admin'),
(578, '2017-05-07 03:06:58', 2, 3, 'admin'),
(579, '2017-05-07 03:15:09', 1, 5, 'Souhail'),
(580, '2017-05-07 03:18:00', 2, 5, 'Souhail'),
(581, '2017-05-07 03:18:07', 1, 6, 'ali'),
(582, '2017-05-07 03:23:17', 2, 6, 'ali'),
(583, '2017-05-07 03:23:24', 1, 4, 'root'),
(584, '2017-05-07 08:21:31', 1, 5, 'souhail'),
(585, '2017-05-07 08:21:53', 2, 5, 'souhail'),
(586, '2017-05-07 08:23:23', 1, 4, 'root'),
(587, '2017-05-07 08:23:30', 2, 4, 'root'),
(588, '2017-05-07 08:23:43', 1, 5, 'Souhail'),
(589, '2017-05-07 08:25:16', 2, 5, 'Souhail'),
(590, '2017-05-07 08:25:27', 1, 4, 'root'),
(591, '2017-05-07 08:26:45', 2, 4, 'root'),
(592, '2017-05-07 08:27:46', 1, 7, 'root'),
(593, '2017-05-07 08:30:59', 1, 4, 'root'),
(594, '2017-05-07 08:32:35', 1, 3, 'admin'),
(595, '2017-05-07 08:36:14', 2, 3, 'admin'),
(596, '2017-05-07 09:10:08', 1, 3, 'admin'),
(597, '2017-05-07 09:16:32', 1, 3, 'admin');

-- --------------------------------------------------------

--
-- Structure de la table `journal`
--

CREATE TABLE IF NOT EXISTS `journal` (
  `ID` bigint(20) NOT NULL AUTO_INCREMENT,
  `ANCIENVALEUR` varchar(255) DEFAULT NULL,
  `DATEACTION` timestamp NULL DEFAULT NULL,
  `NOUVELLEVALEUR` varchar(255) DEFAULT NULL,
  `TYPE` int(11) DEFAULT NULL,
  `USER_LOGIN` varchar(255) DEFAULT NULL,
  `DEVICE_ID` bigint(20) DEFAULT NULL,
  `beanName` varchar(255) NOT NULL,
  PRIMARY KEY (`ID`),
  KEY `FK_JOURNAL_DEVICE_ID` (`DEVICE_ID`),
  KEY `FK_JOURNAL_USER_LOGIN` (`USER_LOGIN`)
) ENGINE=InnoDB  DEFAULT CHARSET=latin1 AUTO_INCREMENT=292 ;

--
-- Contenu de la table `journal`
--

INSERT INTO `journal` (`ID`, `ANCIENVALEUR`, `DATEACTION`, `NOUVELLEVALEUR`, `TYPE`, `USER_LOGIN`, `DEVICE_ID`, `beanName`) VALUES
(7, 'bean.TaxeTrim[ id=6 ]', '2017-04-13 23:00:00', 'bean.TaxeTrim[ id=6 ]', 2, 'admin', NULL, 'TaxeTrim'),
(8, 'bean.TaxeTrim[ id=6 ]', '2017-04-13 23:00:00', 'bean.TaxeTrim[ id=6 ]', 2, 'admin', NULL, 'TaxeTrim'),
(9, 'bean.TaxeTrim[ id=6 ]', '2017-04-13 23:00:00', 'bean.TaxeTrim[ id=6 ]', 2, 'admin', NULL, 'TaxeTrim'),
(10, 'bean.TaxeTrim[ id=6 ]', '2017-04-13 23:00:00', 'bean.TaxeTrim[ id=6 ]', 2, 'admin', NULL, 'TaxeTrim'),
(12, NULL, '2017-04-17 23:00:00', '1-2-Gz-GZ n33', 1, 'admin', 1, 'Locale'),
(13, NULL, '2017-04-18 23:00:00', 'ghassan ghessos', 1, 'admin', 1, 'Redevable'),
(15, 'bean.Journal@175', '2017-04-18 23:00:00', NULL, 3, 'admin', 1, 'Journal'),
(16, 'bean.Journal@176', '2017-04-18 23:00:00', NULL, 3, 'admin', 1, 'Journal'),
(17, 'bean.Journal@177', '2017-04-18 23:00:00', NULL, 3, 'admin', 1, 'Journal'),
(18, 'bean.Journal@178', '2017-04-18 23:00:00', NULL, 3, 'admin', 1, 'Journal'),
(19, 'bean.Journal@179', '2017-04-18 23:00:00', NULL, 3, 'admin', 1, 'Journal'),
(21, 'History2', '2017-04-18 23:00:00', 'History2', 2, 'admin', NULL, 'Historique'),
(22, 'History3', '2017-04-18 23:00:00', 'History3', 2, 'admin', NULL, 'Historique'),
(23, 'History4', '2017-04-18 23:00:00', 'History4', 2, 'admin', NULL, 'Historique'),
(24, 'History5', '2017-04-18 23:00:00', 'History5', 2, 'admin', NULL, 'Historique'),
(25, 'History6', '2017-04-18 23:00:00', 'History6', 2, 'admin', NULL, 'Historique'),
(26, 'History7', '2017-04-18 23:00:00', 'History7', 2, 'admin', NULL, 'Historique'),
(27, 'History8', '2017-04-18 23:00:00', 'History8', 2, 'admin', NULL, 'Historique'),
(28, 'History9', '2017-04-18 23:00:00', 'History9', 2, 'admin', NULL, 'Historique'),
(29, 'History10', '2017-04-18 23:00:00', 'History10', 2, 'admin', NULL, 'Historique'),
(30, 'History11', '2017-04-18 23:00:00', 'History11', 2, 'admin', NULL, 'Historique'),
(31, 'History12', '2017-04-18 23:00:00', 'History12', 2, 'admin', NULL, 'Historique'),
(32, NULL, '2017-04-18 23:00:00', '1-1-EMH-MN n1', 1, 'admin', 1, 'Locale'),
(33, NULL, '2017-04-18 23:00:00', '1-2-AMCH-DT n33', 1, 'admin', 1, 'Locale'),
(34, 'History23', '2017-04-19 23:00:00', 'History23', 2, 'admin', NULL, 'Historique'),
(35, 'History13', '2017-04-19 23:00:00', 'History13', 2, 'admin', NULL, 'Historique'),
(36, 'History14', '2017-04-19 23:00:00', 'History14', 2, 'admin', NULL, 'Historique'),
(37, 'History15', '2017-04-19 23:00:00', 'History15', 2, 'admin', NULL, 'Historique'),
(38, 'History16', '2017-04-19 23:00:00', 'History16', 2, 'admin', NULL, 'Historique'),
(39, 'History17', '2017-04-19 23:00:00', 'History17', 2, 'admin', NULL, 'Historique'),
(40, 'History18', '2017-04-19 23:00:00', 'History18', 2, 'admin', NULL, 'Historique'),
(41, 'History19', '2017-04-19 23:00:00', 'History19', 2, 'admin', NULL, 'Historique'),
(42, 'History20', '2017-04-19 23:00:00', 'History20', 2, 'admin', NULL, 'Historique'),
(43, 'History21', '2017-04-19 23:00:00', 'History21', 2, 'admin', NULL, 'Historique'),
(44, 'History22', '2017-04-19 23:00:00', 'History22', 2, 'admin', NULL, 'Historique'),
(45, 'History24', '2017-04-19 23:00:00', 'History24', 2, 'admin', NULL, 'Historique'),
(46, 'History25', '2017-04-19 23:00:00', 'History25', 2, 'admin', NULL, 'Historique'),
(47, 'History26', '2017-04-19 23:00:00', 'History26', 2, 'admin', NULL, 'Historique'),
(48, 'History27', '2017-04-19 23:00:00', 'History27', 2, 'admin', NULL, 'Historique'),
(49, 'History28', '2017-04-19 23:00:00', 'History28', 2, 'admin', NULL, 'Historique'),
(50, 'jj -_-', '2017-04-19 23:00:00', 'jj -_-', 2, 'admin', NULL, 'Redevable'),
(51, 'AIT BASSOU ALI', '2017-04-19 23:00:00', 'AIT BASSOU ALI', 2, 'admin', NULL, 'Redevable'),
(52, 'History29', '2017-04-21 23:00:00', 'History29', 2, 'admin', NULL, 'Historique'),
(53, 'History30', '2017-04-21 23:00:00', 'History30', 2, 'admin', NULL, 'Historique'),
(54, 'History31', '2017-04-21 23:00:00', 'History31', 2, 'admin', NULL, 'Historique'),
(55, 'History32', '2017-04-21 23:00:00', 'History32', 2, 'admin', NULL, 'Historique'),
(56, 'History33', '2017-04-21 23:00:00', 'History33', 2, 'admin', NULL, 'Historique'),
(57, 'History34', '2017-04-21 23:00:00', 'History34', 2, 'admin', NULL, 'Historique'),
(58, 'History35', '2017-04-21 23:00:00', 'History35', 2, 'admin', NULL, 'Historique'),
(59, 'History36', '2017-04-21 23:00:00', 'History36', 2, 'admin', NULL, 'Historique'),
(60, 'History37', '2017-04-21 23:00:00', 'History37', 2, 'admin', NULL, 'Historique'),
(61, 'History38', '2017-04-21 23:00:00', 'History38', 2, 'admin', NULL, 'Historique'),
(62, 'History39', '2017-04-21 23:00:00', 'History39', 2, 'admin', NULL, 'Historique'),
(63, 'History40', '2017-04-21 23:00:00', 'History40', 2, 'admin', NULL, 'Historique'),
(64, 'History41', '2017-04-21 23:00:00', 'History41', 2, 'admin', NULL, 'Historique'),
(65, 'History42', '2017-04-21 23:00:00', 'History42', 2, 'admin', NULL, 'Historique'),
(66, 'History43', '2017-04-21 23:00:00', 'History43', 2, 'admin', NULL, 'Historique'),
(67, 'History44', '2017-04-21 23:00:00', 'History44', 2, 'admin', NULL, 'Historique'),
(68, 'History45', '2017-04-21 23:00:00', 'History45', 2, 'admin', NULL, 'Historique'),
(69, 'bean.Journal@17e', '2017-04-21 23:00:00', NULL, 3, 'admin', 1, 'Journal'),
(70, 'bean.Journal@181', '2017-04-21 23:00:00', NULL, 3, 'admin', 1, 'Journal'),
(71, 'bean.Journal@187', '2017-04-21 23:00:00', NULL, 3, 'admin', 1, 'Journal'),
(72, 'aftah mohmed', '2017-04-21 23:00:00', 'aftah mohmed', 2, 'admin', NULL, 'Redevable'),
(73, 'aftah mohmed', '2017-04-21 23:00:00', 'aftah mohmed', 2, 'admin', NULL, 'Redevable'),
(74, 'jj -_-', '2017-04-22 23:00:00', 'jj ', 2, 'admin', NULL, 'Redevable'),
(75, 'Societe -_-', '2017-04-22 23:00:00', 'Societe ', 2, 'admin', NULL, 'Redevable'),
(76, '1-1-BDK-MN rrrrrr', '2017-04-22 23:00:00', '1-1-BDK-MN rrrrrr', 2, 'admin', NULL, 'Locale'),
(77, '1-1-BDK-MN rrrrrr', '2017-04-22 23:00:00', '1-1-BDK-MN rrrrrr', 2, 'admin', NULL, 'Locale'),
(78, '1-1-BDK-MN rrrrrr', '2017-04-22 23:00:00', '1-1-BDK-MN rrrrrr', 2, 'admin', NULL, 'Locale'),
(79, '1-2-Gz-GZ ---------', '2017-04-22 23:00:00', '1-2-Gz-GZ ---------', 2, 'admin', NULL, 'Locale'),
(80, '1-1-E3-DT eeeeee', '2017-04-22 23:00:00', '1-1-E3-DT eeeeee', 2, 'admin', NULL, 'Locale'),
(81, '1-1-EMH-MN n1', '2017-04-22 23:00:00', '1-1-EMH-MN n1', 2, 'admin', NULL, 'Locale'),
(82, '1-1-EMH-MN n1', '2017-04-22 23:00:00', '1-1-EMH-MN n1', 2, 'admin', NULL, 'Locale'),
(83, '1-1-EMH-MN n1', '2017-04-22 23:00:00', '1-1-EMH-MN n1', 2, 'admin', NULL, 'Locale'),
(84, '1-1-EMH-MN n1', '2017-04-22 23:00:00', '1-1-EMH-MN n1', 2, 'admin', NULL, 'Locale'),
(85, '1-2-AMCH-DT n33', '2017-04-22 23:00:00', '1-2-AMCH-DT n33', 2, 'admin', NULL, 'Locale'),
(86, '1-2-AMCH-DT n33', '2017-04-22 23:00:00', '1-2-AMCH-DT n33', 2, 'admin', NULL, 'Locale'),
(87, '1-2-AMCH-DT n33', '2017-04-22 23:00:00', '1-2-AMCH-DT n33', 2, 'admin', NULL, 'Locale'),
(88, '1-1-E3-DT eeeeee', '2017-04-24 23:00:00', '1-1-E3-DT eeeeee', 2, 'admin', NULL, 'Locale'),
(89, '1-1-BDK-MN rrrrrr', '2017-04-26 23:00:00', '1-1-BDK-MN n123', 2, 'admin', NULL, 'Locale'),
(90, NULL, '2017-04-26 23:00:00', 'jhfgg null', 1, 'admin', 1, 'Redevable'),
(91, 'jhfgg null', '2017-04-26 23:00:00', NULL, 3, 'admin', 1, 'Redevable'),
(92, NULL, '2017-04-27 23:00:00', 'bean.TaxeTrim[ id=null ]', 1, 'admin', 1, 'TaxeTrim'),
(93, 'History308', '2017-04-27 23:00:00', 'History308', 2, 'admin', NULL, 'Historique'),
(94, NULL, '2017-04-27 23:00:00', 'bean.TaxeTrim[ id=null ]', 1, 'admin', 1, 'TaxeTrim'),
(95, NULL, '2017-04-27 23:00:00', 'ana', 1, 'admin', 1, 'User'),
(96, 'ana', '2017-04-28 23:00:00', 'ana', 2, 'admin', NULL, 'User'),
(97, 'ana', '2017-04-28 23:00:00', 'ana', 2, 'admin', NULL, 'User'),
(98, 'ana', '2017-04-28 23:00:00', 'ana', 2, 'admin', NULL, 'User'),
(99, 'ana', '2017-04-28 23:00:00', 'ana', 2, 'admin', NULL, 'User'),
(100, 'admin', '2017-04-28 23:00:00', 'admin', 2, 'admin', NULL, 'User'),
(101, 'admin', '2017-04-28 23:00:00', 'admin', 2, 'admin', NULL, 'User'),
(102, 'ana', '2017-04-28 23:00:00', 'ana', 2, 'admin', NULL, 'User'),
(103, 'ana', '2017-04-28 23:00:00', NULL, 3, 'admin', 1, 'User'),
(104, 'admin', '2017-04-28 23:00:00', 'admin', 2, 'admin', NULL, 'User'),
(105, 'admin', '2017-04-28 23:00:00', 'admin', 2, 'admin', NULL, 'User'),
(106, 'admin', '2017-04-28 23:00:00', 'admin', 2, 'admin', NULL, 'User'),
(107, 'admin', '2017-04-28 23:00:00', 'admin', 2, 'admin', NULL, 'User'),
(108, 'admin', '2017-04-28 23:00:00', 'admin', 2, 'admin', NULL, 'User'),
(109, 'admin', '2017-04-29 23:00:00', 'admin', 2, 'admin', NULL, 'User'),
(110, 'admin', '2017-04-29 23:00:00', 'admin', 2, 'admin', NULL, 'User'),
(111, 'jj ', '2017-04-29 23:00:00', 'SMTP SARL ', 2, 'admin', NULL, 'Redevable'),
(112, 'admin', '2017-04-29 23:00:00', 'admin', 2, 'admin', NULL, 'User'),
(113, 'admin', '2017-04-29 23:00:00', 'admin', 2, 'admin', NULL, 'User'),
(114, 'admin', '2017-04-29 23:00:00', 'admin', 2, 'admin', NULL, 'User'),
(115, 'admin', '2017-04-29 23:00:00', 'admin', 2, 'admin', NULL, 'User'),
(116, 'aftah mohmed', '2017-04-29 23:00:00', 'Aftah ', 2, 'admin', NULL, 'Redevable'),
(117, 'admin', '2017-04-29 23:00:00', 'admin', 2, 'admin', NULL, 'User'),
(118, 'admin', '2017-04-29 23:00:00', 'admin', 2, 'admin', NULL, 'User'),
(119, 'admin', '2017-04-29 23:00:00', 'admin', 2, 'admin', NULL, 'User'),
(120, 'admin', '2017-04-29 23:00:00', 'admin', 2, 'admin', NULL, 'User'),
(121, 'admin', '2017-04-29 23:00:00', 'admin', 2, 'admin', NULL, 'User'),
(122, 'SMTP SARL ', '2017-04-29 23:00:00', 'SMTP SARL ', 2, 'admin', NULL, 'Redevable'),
(123, 'SMTP SARL ', '2017-04-29 23:00:00', 'SMTP SARL ', 2, 'admin', NULL, 'Redevable'),
(124, 'admin', '2017-04-29 23:00:00', 'admin', 2, 'admin', NULL, 'User'),
(125, 'admin', '2017-04-29 23:00:00', 'admin', 2, 'admin', NULL, 'User'),
(126, 'admin', '2017-04-29 23:00:00', 'admin', 2, 'admin', NULL, 'User'),
(127, 'admin', '2017-04-29 23:00:00', 'admin', 2, 'admin', NULL, 'User'),
(128, 'admin', '2017-04-29 23:00:00', 'admin', 2, 'admin', NULL, 'User'),
(129, 'admin', '2017-04-29 23:00:00', 'admin', 2, 'admin', NULL, 'User'),
(130, 'admin', '2017-04-29 23:00:00', 'admin', 2, 'admin', NULL, 'User'),
(131, 'admin', '2017-04-29 23:00:00', 'admin', 2, 'admin', NULL, 'User'),
(132, 'SMTP SARL ', '2017-04-29 23:00:00', 'SMTP SARL ', 2, 'admin', NULL, 'Redevable'),
(133, 'SMTP SARL ', '2017-04-29 23:00:00', 'SMTP SARL ', 2, 'admin', NULL, 'Redevable'),
(134, 'SMTP SARL ', '2017-04-29 23:00:00', 'SMTP SARL ', 2, 'admin', NULL, 'Redevable'),
(135, 'Aftah mohamed', '2017-04-29 23:00:00', 'Aftah ', 2, 'admin', NULL, 'Redevable'),
(136, 'Aftah ', '2017-04-29 23:00:00', 'Aftah mohamed', 2, 'admin', NULL, 'Redevable'),
(137, 'SMTP SARL ', '2017-04-29 23:00:00', 'SMTP SARL ', 2, 'admin', NULL, 'Redevable'),
(138, 'Aftah mohamed', '2017-04-29 23:00:00', 'Aftah mohamed', 2, 'admin', NULL, 'Redevable'),
(139, 'SMTP SARL ', '2017-04-29 23:00:00', 'SMTP SARL ', 2, 'admin', NULL, 'Redevable'),
(140, 'Aftah mohamed', '2017-04-29 23:00:00', 'Aftah mohamed', 2, 'admin', NULL, 'Redevable'),
(141, 'SMTP SARL ', '2017-04-29 23:00:00', 'SMTP SARL ', 2, 'admin', NULL, 'Redevable'),
(142, 'admin', '2017-04-29 23:00:00', 'admin', 2, 'admin', NULL, 'User'),
(143, 'admin', '2017-04-29 23:00:00', 'admin', 2, 'admin', NULL, 'User'),
(144, 'admin', '2017-04-29 23:00:00', 'admin', 2, 'admin', NULL, 'User'),
(145, 'admin', '2017-04-29 23:00:00', 'admin', 2, 'admin', NULL, 'User'),
(146, 'admin', '2017-04-29 23:00:00', 'admin', 2, 'admin', NULL, 'User'),
(147, 'admin', '2017-04-29 23:00:00', 'admin', 2, 'admin', NULL, 'User'),
(148, 'admin', '2017-04-29 23:00:00', 'admin', 2, 'admin', NULL, 'User'),
(149, 'admin', '2017-04-29 23:00:00', 'admin', 2, 'admin', NULL, 'User'),
(150, 'SMTP SARL ', '2017-04-29 23:00:00', 'SMTP SARL ', 2, 'admin', NULL, 'Redevable'),
(151, 'Aftah mohamed', '2017-04-29 23:00:00', 'Aftah ', 2, 'admin', NULL, 'Redevable'),
(152, 'Aftah ', '2017-04-29 23:00:00', 'Aftah mohamed', 2, 'admin', NULL, 'Redevable'),
(153, 'SMTP SARL ', '2017-04-29 23:00:00', 'SMTP SARL ', 2, 'admin', NULL, 'Redevable'),
(154, 'Aftah mohamed', '2017-04-29 23:00:00', 'Aftah mohamed', 2, 'admin', NULL, 'Redevable'),
(155, 'SMTP SARL ', '2017-04-29 23:00:00', 'SMTP SARL ', 2, 'admin', NULL, 'Redevable'),
(156, 'Aftah mohamed', '2017-04-29 23:00:00', 'Aftah mohamed', 2, 'admin', NULL, 'Redevable'),
(157, 'ghassan ghessos', '2017-04-29 23:00:00', 'ghassan ghessos', 2, 'admin', NULL, 'Redevable'),
(158, 'ghassan ghessos', '2017-04-29 23:00:00', 'ghassan ghessos', 2, 'admin', NULL, 'Redevable'),
(159, 'admin', '2017-04-29 23:00:00', 'admin', 2, 'admin', NULL, 'User'),
(160, 'admin', '2017-04-29 23:00:00', 'admin', 2, 'admin', NULL, 'User'),
(161, 'admin', '2017-04-29 23:00:00', 'admin', 2, 'admin', NULL, 'User'),
(162, 'admin', '2017-04-29 23:00:00', 'admin', 2, 'admin', NULL, 'User'),
(163, 'admin', '2017-04-29 23:00:00', 'admin', 2, 'admin', NULL, 'User'),
(164, 'admin', '2017-04-29 23:00:00', 'admin', 2, 'admin', NULL, 'User'),
(165, 'admin', '2017-04-29 23:00:00', 'admin', 2, 'admin', NULL, 'User'),
(166, 'admin', '2017-04-29 23:00:00', 'admin', 2, 'admin', NULL, 'User'),
(167, 'admin', '2017-04-29 23:00:00', 'admin', 2, 'admin', NULL, 'User'),
(168, 'admin', '2017-04-29 23:00:00', 'admin', 2, 'admin', NULL, 'User'),
(169, 'admin', '2017-04-29 23:00:00', 'admin', 2, 'admin', NULL, 'User'),
(170, 'admin', '2017-04-29 23:00:00', 'admin', 2, 'admin', NULL, 'User'),
(171, 'admin', '2017-04-29 23:00:00', 'admin', 2, 'admin', NULL, 'User'),
(172, 'admin', '2017-04-29 23:00:00', 'admin', 2, 'admin', NULL, 'User'),
(173, NULL, '2017-04-30 23:00:00', 'bean.TaxeTrim[ id=null ]', 1, 'admin', 1, 'TaxeTrim'),
(174, 'admin', '2017-04-30 23:00:00', 'admin', 2, 'admin', NULL, 'User'),
(175, 'admin', '2017-04-30 23:00:00', 'admin', 2, 'admin', NULL, 'User'),
(176, 'bean.Device[ id=3 ]', '2017-04-30 23:00:00', 'bean.Device[ id=3 ]', 2, 'admin', NULL, 'Device'),
(177, ' hotel assaada', '2017-05-01 23:00:00', ' hotel assaada2', 2, 'admin', 1, 'Locale'),
(178, ' hotel assaada2 hotelier  -Proprietaire : AIT BASSOU  -Proprietaire : SMTP SARL', '2017-05-01 23:00:00', ' hotel assaada hotel  -Proprietaire : SMTP SARL  -Proprietaire : AIT BASSOU', 2, 'admin', 1, 'Locale'),
(179, ' hotel', '2017-05-01 23:00:00', ' hotelier', 2, 'admin', 1, 'Locale'),
(180, 'Nom => hotel assaada, Activité =>hotelier , Proprietaire => : Societe , Gerant => : Societe', '2017-05-01 23:00:00', 'Nom => hotel elmanar, Activité =>hote , Proprietaire => : AIT BASSOU , Gearnt => : SMTP SARL', 2, 'admin', 1, 'Locale'),
(181, ', Activité =>--------', '2017-05-01 23:00:00', ', Activité =>quelque chose', 2, 'admin', 1, 'Locale'),
(182, ' ,CIN => CJ5345', '2017-05-02 23:00:00', ' ,CIN => CJ53450', 2, 'admin', 1, 'Redevable'),
(183, 'hhhh-hhjhhh', '2017-05-03 23:00:00', 'hhhh-hhjhhh', 2, 'admin', 1, 'Secteure'),
(184, NULL, '2017-05-03 23:00:00', 'hhh3', 1, 'admin', 1, 'AnnexeAdministrative'),
(185, NULL, '2017-05-03 23:00:00', '1-abddee', 1, 'admin', 1, 'Rue'),
(186, NULL, '2017-05-03 23:00:00', 'new-new secteur', 1, 'admin', 1, 'Secteure'),
(187, NULL, '2017-05-03 23:00:00', 'autre annex-au', 1, 'admin', 1, 'AnnexeAdministrative'),
(190, NULL, '2017-05-03 23:00:00', 'hhhhh33-h33', 1, 'admin', 1, 'AnnexeAdministrative'),
(191, 'hhh3-hhh23', '2017-05-03 23:00:00', 'hhh3-hhh23', 2, 'admin', 1, 'AnnexeAdministrative'),
(192, NULL, '2017-05-03 23:00:00', 'hhppw-sejj', 1, 'admin', 1, 'Secteure'),
(193, 'null-null', '2017-05-03 23:00:00', NULL, 3, 'admin', 1, 'Secteure'),
(194, NULL, '2017-05-03 23:00:00', 'jv-hg', 1, 'admin', 1, 'Secteure'),
(195, 'jv-hg', '2017-05-03 23:00:00', NULL, 3, 'admin', 1, 'Secteure'),
(196, NULL, '2017-05-03 23:00:00', 'new quartier', 1, 'admin', 1, 'Quartier'),
(197, NULL, '2017-05-03 23:00:00', '1-new rue', 1, 'admin', 1, 'Rue'),
(198, '1-new rue', '2017-05-03 23:00:00', NULL, 3, 'admin', 1, 'Rue'),
(199, NULL, '2017-05-03 23:00:00', '1-ggg', 1, 'admin', 1, 'Rue'),
(200, '1-ggg', '2017-05-03 23:00:00', NULL, 3, 'admin', 1, 'Rue'),
(201, '1-abddee', '2017-05-03 23:00:00', '1-abddee', 2, 'admin', 1, 'Rue'),
(202, NULL, '2017-05-03 23:00:00', 'souail-so', 1, 'admin', 1, 'AnnexeAdministrative'),
(203, NULL, '2017-05-03 23:00:00', 'hhhhh4-hh4', 1, 'admin', 1, 'AnnexeAdministrative'),
(204, 'aaa1-1111a1', '2017-05-03 23:00:00', 'aaa1-1111a1', 2, 'admin', 1, 'AnnexeAdministrative'),
(205, NULL, '2017-05-03 23:00:00', 'abed-ab', 1, 'admin', 1, 'AnnexeAdministrative'),
(206, NULL, '2017-05-03 23:00:00', 'laarbi-ar', 1, 'admin', 1, 'AnnexeAdministrative'),
(207, NULL, '2017-05-03 23:00:00', 'elmarbooh hamou', 1, 'admin', 1, 'Redevable'),
(208, NULL, '2017-05-03 23:00:00', 'lbatima fatima', 1, 'admin', 1, 'Redevable'),
(209, NULL, '2017-05-03 23:00:00', '1-1-EMH-MN lbatima Maison', 1, 'admin', 1, 'Locale'),
(210, 'NbrNuits => 360MontantTotal => 79560.0', '2017-05-04 23:00:00', 'NbrNuits => 300MontantTotal => 67800.0', 2, 'admin', 1, 'TaxeTrim'),
(211, NULL, '2017-05-04 23:00:00', 'test-nomTest prnomTest-aitbassouali@gmail.com', 1, 'admin', 1, 'User'),
(212, NULL, '2017-05-04 23:00:00', 'test-fwe efg-fef@fefe.com', 1, 'admin', 1, 'User'),
(213, NULL, '2017-05-04 23:00:00', '- -', 1, 'admin', 1, 'User'),
(214, NULL, '2017-05-04 23:00:00', '- -', 1, 'admin', 1, 'User'),
(215, NULL, '2017-05-04 23:00:00', '- -', 1, 'admin', 1, 'User'),
(216, NULL, '2017-05-04 23:00:00', 'admin- -', 1, 'admin', 1, 'User'),
(217, NULL, '2017-05-04 23:00:00', 'admiwf-dve efe-efe@fe.com', 1, 'admin', 1, 'User'),
(218, NULL, '2017-05-04 23:00:00', 'ali-basouu alii-aitbassou@gmail.com', 1, 'admiwf', 2, 'User'),
(219, 'ali-basouu alii-aitbassou@gmail.com', '2017-05-04 23:00:00', 'ali-basouu alii-aitbassou@gmail.com', 2, 'admiwf', 2, 'User'),
(220, 'ali-basouu alii-aitbassou@gmail.com', '2017-05-04 23:00:00', 'ali-basouu alii-aitbassou@gmail.com', 2, 'admin', 1, 'User'),
(221, NULL, '2017-05-04 23:00:00', 'root-nomRot prnRoot-aitbassouali', 1, 'admin', 1, 'User'),
(222, NULL, '2017-05-04 23:00:00', 'root-nmroot prnroot-aitbassouali@mail.com', 1, 'admin', 1, 'User'),
(223, NULL, '2017-05-04 23:00:00', '', 1, 'admin', 1, 'TaxeTrim'),
(224, NULL, '2017-05-04 23:00:00', '', 1, 'admin', 1, 'TaxeTrim'),
(225, NULL, '2017-05-04 23:00:00', '', 1, 'admin', 1, 'TaxeTrim'),
(226, NULL, '2017-05-04 23:00:00', '', 1, 'admin', 1, 'TaxeTrim'),
(227, NULL, '2017-05-04 23:00:00', '', 1, 'admin', 1, 'TaxeTrim'),
(228, NULL, '2017-05-04 23:00:00', '', 1, 'admin', 1, 'TaxeTrim'),
(229, NULL, '2017-05-04 23:00:00', '2-2-AMCH-DT ryiad Hamou', 1, 'admin', 1, 'Locale'),
(230, ' , Annee => : 2013 , Locale => : lbatima Maison , NbrNuits => 260 , MontantTotal => 8320.0', '2017-05-04 23:00:00', ' , Annee => : 2016 , Locale => : hotel elmanar , NbrNuits => 261 , MontantTotal => 27666.0', 2, 'admin', 1, 'TaxeTrim'),
(231, NULL, '2017-05-04 23:00:00', 'Premier Mois :9.0 ,Autre Mois :5.0', 1, 'admin', 1, 'TauxTaxeRetard'),
(232, 'Premier Mois :5.0 ,Autre Mois :2.0', '2017-05-04 23:00:00', 'Premier Mois :5.0 ,Autre Mois :3.0', 2, 'admin', 1, 'TauxTaxeRetard'),
(233, 'Premier Mois :5.0 ,Autre Mois :2.0', '2017-05-04 23:00:00', 'Premier Mois :4.0 ,Autre Mois :1.0', 2, 'admin', 1, 'TauxTaxeRetard'),
(234, 'Premier Mois :5.0 ,Autre Mois :3.0', '2017-05-04 23:00:00', 'Premier Mois :5.0 ,Autre Mois :2.0', 2, 'admin', 1, 'TauxTaxeRetard'),
(235, 'Premier Mois :5.0 ,Autre Mois :2.0', '2017-05-04 23:00:00', 'Premier Mois :6.0 ,Autre Mois :3.0', 2, 'admin', 1, 'TauxTaxeRetard'),
(236, '5.0', '2017-05-04 23:00:00', '6.0', 2, 'admin', 1, 'TauxTaxe'),
(237, '5.0', '2017-05-04 23:00:00', '4.0', 2, 'admin', 1, 'TauxTaxe'),
(238, 'Premier Mois :8.0 ,Autre Mois :5.0', '2017-05-04 23:00:00', NULL, 3, 'admin', 1, 'TauxTaxeRetard'),
(239, ', Activité =>rrr', '2017-05-04 23:00:00', ', Activité =>une activite1', 2, 'admin', 1, 'Locale'),
(240, NULL, '2017-05-04 23:00:00', 'Douar elMassakin', 1, 'admin', 1, 'Quartier'),
(241, 'Douar elMassakin', '2017-05-04 23:00:00', 'Douar elMassakin', 2, 'admin', 1, 'Quartier'),
(242, NULL, '2017-05-04 23:00:00', '0-My ismaile', 1, 'admin', 1, 'Rue'),
(243, '0-My ismaile', '2017-05-04 23:00:00', '1-My ismaile', 2, 'admin', 1, 'Rue'),
(244, NULL, '2017-05-04 23:00:00', '0-Ouad el makhazin', 1, 'admin', 1, 'Rue'),
(245, '0-Ouad el makhazin', '2017-05-04 23:00:00', '3-Ouad el makhazin', 2, 'admin', 1, 'Rue'),
(246, '2-R1', '2017-05-04 23:00:00', '2-Rue1', 2, 'admin', 1, 'Rue'),
(247, '3-R2', '2017-05-04 23:00:00', '3-Rue2', 2, 'admin', 1, 'Rue'),
(248, '1-R1', '2017-05-04 23:00:00', '1-Rue1', 2, 'admin', 1, 'Rue'),
(249, '2-R2', '2017-05-04 23:00:00', '2-Rue2', 2, 'admin', 1, 'Rue'),
(250, NULL, '2017-05-04 23:00:00', 'Massira1', 1, 'admin', 1, 'Quartier'),
(251, 'Massira1', '2017-05-04 23:00:00', 'Massira1', 2, 'admin', 1, 'Quartier'),
(252, NULL, '2017-05-04 23:00:00', 'Massira2', 1, 'admin', 1, 'Quartier'),
(253, NULL, '2017-05-04 23:00:00', 'Douar eLasker', 1, 'admin', 1, 'Quartier'),
(254, NULL, '2017-05-04 23:00:00', 'lhey elhassani', 1, 'admin', 1, 'Quartier'),
(255, NULL, '2017-05-04 23:00:00', '1- rue dar lehlib', 1, 'admin', 1, 'Rue'),
(256, NULL, '2017-05-04 23:00:00', '1-ibn battouta', 1, 'admin', 1, 'Rue'),
(257, NULL, '2017-05-04 23:00:00', '1-zerktouni', 1, 'admin', 1, 'Rue'),
(258, NULL, '2017-05-04 23:00:00', '2-el ahbass', 1, 'admin', 1, 'Rue'),
(259, NULL, '2017-05-04 23:00:00', '1-elmanar', 1, 'admin', 1, 'Rue'),
(260, NULL, '2017-05-04 23:00:00', 'Douar iziki', 1, 'admin', 1, 'Quartier'),
(261, NULL, '2017-05-04 23:00:00', '1-rue iziki', 1, 'admin', 1, 'Rue'),
(262, NULL, '2017-05-04 23:00:00', 'Azli', 1, 'admin', 1, 'Quartier'),
(263, NULL, '2017-05-04 23:00:00', '1-rue azli', 1, 'admin', 1, 'Rue'),
(264, NULL, '2017-05-04 23:00:00', 'SIDI GHANEM-1', 1, 'admin', 1, 'AnnexeAdministrative'),
(265, NULL, '2017-05-04 23:00:00', 'EL MASSAR', 1, 'admin', 1, 'Quartier'),
(266, NULL, '2017-05-04 23:00:00', 'EL AZZOUZIA', 1, 'admin', 1, 'Quartier'),
(267, NULL, '2017-05-04 23:00:00', '1-Rue elmassar', 1, 'admin', 1, 'Rue'),
(268, NULL, '2017-05-04 23:00:00', '1-Rue agadir', 1, 'admin', 1, 'Rue'),
(269, NULL, '2017-05-04 23:00:00', 'Izdihar-ZDH', 1, 'admin', 1, 'AnnexeAdministrative'),
(270, 'SIDI GHANEM-SGH', '2017-05-04 23:00:00', 'SIDI GHANEM-SGH', 2, 'admin', 1, 'AnnexeAdministrative'),
(271, NULL, '2017-05-04 23:00:00', '1-2-SMB-MSR Stare5', 1, 'admin', 1, 'Locale'),
(272, NULL, '2017-05-04 23:00:00', '1-1-SGH-S.gh SmtpVillage ', 1, 'admin', 1, 'Locale'),
(273, ', Prenom =>mohamed', '2017-05-04 23:00:00', ', prenom =>Mohamed', 2, 'admin', 1, 'Redevable'),
(274, 'Nom => ghassan, Prenom =>ghessos', '2017-05-04 23:00:00', 'Nom => Guessousse, prenom =>ghassan', 2, 'admin', 1, 'Redevable'),
(275, '', '2017-05-04 23:00:00', '', 2, 'admin', 1, 'Redevable'),
(276, 'admiwf-dve efe-efe@fe.com', '2017-05-04 23:00:00', 'admiwf-dve efe-efe@fe.com', 2, 'admin', 1, 'User'),
(277, 'admiwf-dve efe-efe@fe.com', '2017-05-04 23:00:00', 'admiwf-dve efe-efe@fe.com', 2, 'admin', 1, 'User'),
(278, NULL, '2017-05-04 23:00:00', '', 1, 'admin', 1, 'TaxeTrim'),
(279, NULL, '2017-05-05 23:00:00', 'hsdf dfuh', 1, 'admin', 1, 'Redevable'),
(280, 'hsdf dfuh', '2017-05-05 23:00:00', NULL, 3, 'admin', 1, 'Redevable'),
(281, NULL, '2017-05-05 23:00:00', 'elfahimi jhjdw', 1, 'admin', 1, 'Redevable'),
(282, NULL, '2017-05-05 23:00:00', '', 1, 'admin', 1, 'TaxeTrim'),
(283, NULL, '2017-05-05 23:00:00', '', 1, 'admin', 1, 'TaxeTrim'),
(284, NULL, '2017-05-05 23:00:00', '', 1, 'admin', 1, 'TaxeTrim'),
(285, NULL, '2017-05-05 23:00:00', '', 1, 'admin', 1, 'TaxeTrim'),
(286, NULL, '2017-05-05 23:00:00', '', 1, 'admin', 1, 'TaxeTrim'),
(287, ' , Annee => : 2016 , Locale => : villages el manal , MontantTotal => 35882.0', '2017-05-06 23:00:00', ' , Annee => : 2011 , Locale => : hotel elmanar , MontantTotal => 19805.0', 2, 'admin', 3, 'TaxeTrim'),
(288, NULL, '2017-05-06 23:00:00', '', 1, 'admin', 3, 'TaxeTrim'),
(289, ' , Annee => : 2012 , MontantTotal => 86020.0', '2017-05-06 23:00:00', ' , Annee => : 2011 , MontantTotal => 70840.0', 2, 'admin', 3, 'TaxeTrim'),
(290, NULL, '2017-05-06 23:00:00', 'Souhail-Souhail El fahimi-aitbassouali@gmail.com', 1, 'root', 4, 'User'),
(291, 'Souhail-Souhail El fahimi-aitbassouali@gmail.com', '2017-05-06 23:00:00', 'Souhail-Souhail El fahimi-aitbassouali@gmail.com', 2, 'root', 4, 'User');

-- --------------------------------------------------------

--
-- Structure de la table `locale`
--

CREATE TABLE IF NOT EXISTS `locale` (
  `ID` bigint(20) NOT NULL AUTO_INCREMENT,
  `ACTIVITE` varchar(255) DEFAULT NULL,
  `COMPLEMENTADRESSE` varchar(255) DEFAULT NULL,
  `DERNIERANNEEPAIEMENT` int(11) DEFAULT NULL,
  `DERNIERTRIMESTREPAIEMENT` int(11) DEFAULT NULL,
  `DESCRIPTION` varchar(255) DEFAULT NULL,
  `REFERENCE` varchar(255) DEFAULT NULL,
  `CATEGORIE_ID` bigint(20) DEFAULT NULL,
  `GERANT_ID` bigint(20) DEFAULT NULL,
  `PROPRIETAIRE_ID` bigint(20) DEFAULT NULL,
  `RUE_ID` bigint(20) DEFAULT NULL,
  `POSITIONLOCALE_ID` bigint(20) DEFAULT NULL,
  `nom` varchar(255) DEFAULT NULL,
  PRIMARY KEY (`ID`),
  KEY `FK_LOCALE_GERANT_ID` (`GERANT_ID`),
  KEY `FK_LOCALE_CATEGORIE_ID` (`CATEGORIE_ID`),
  KEY `FK_LOCALE_PROPRIETAIRE_ID` (`PROPRIETAIRE_ID`),
  KEY `FK_LOCALE_POSITIONLOCALE_ID` (`POSITIONLOCALE_ID`),
  KEY `FK_LOCALE_RUE_ID` (`RUE_ID`)
) ENGINE=InnoDB  DEFAULT CHARSET=latin1 AUTO_INCREMENT=13 ;

--
-- Contenu de la table `locale`
--

INSERT INTO `locale` (`ID`, `ACTIVITE`, `COMPLEMENTADRESSE`, `DERNIERANNEEPAIEMENT`, `DERNIERTRIMESTREPAIEMENT`, `DESCRIPTION`, `REFERENCE`, `CATEGORIE_ID`, `GERANT_ID`, `PROPRIETAIRE_ID`, `RUE_ID`, `POSITIONLOCALE_ID`, `nom`) VALUES
(4, 'une activite1', 'n123', 0, 0, 'rrrrrrrrrrrrrrrrr', '1-1-BDK-MN', 9, 2, 1, 9, 2, 'villages el manal'),
(5, 'quelque chose', '---------', 0, 0, 'dwdwd', '1-2-Gz-GZ', 4, 2, 1, 4, 3, 'hotel elkodia'),
(6, 'une activite', 'eeeeee', 0, 0, 'qwwww', '1-1-E3-DT', 4, 1, 2, 6, 1, 'hotel anakhil'),
(7, 'maisonn', 'n1', 0, 0, 'une discription', '1-1-EMH-MN', 7, 1, 1, 12, 4, 'maison le votre'),
(8, 'hote', 'n33', 0, 0, 'discriptionnne', '1-2-AMCH-DT', 2, 2, 2, 10, NULL, 'hotel elmanar'),
(9, 'ctiviteeeee', 'N99', 0, 0, 'no discription', '1-1-EMH-MN', 1, 7, 6, 12, 5, 'lbatima Maison'),
(10, 'activite2', 'N14', 0, 0, 'une discription', '2-2-AMCH-DT', 8, 1, 6, 11, NULL, 'ryiad Hamou'),
(11, 'une activite3', 'N44', 0, 0, 'discriptionne', '1-2-SMB-MSR', 5, 6, 2, 33, NULL, 'Stare5'),
(12, 'activity', 'N84', 0, 0, 'geniale', '1-1-SGH-S.gh', 9, 3, 7, 39, NULL, 'SmtpVillage ');

-- --------------------------------------------------------

--
-- Structure de la table `positionlocale`
--

CREATE TABLE IF NOT EXISTS `positionlocale` (
  `ID` bigint(20) NOT NULL,
  `LAT` double DEFAULT NULL,
  `LNG` double DEFAULT NULL,
  PRIMARY KEY (`ID`)
) ENGINE=InnoDB DEFAULT CHARSET=latin1;

--
-- Contenu de la table `positionlocale`
--

INSERT INTO `positionlocale` (`ID`, `LAT`, `LNG`) VALUES
(1, 31.62302298430789, -7.9831767080577265),
(2, 31.626346825763186, -7.988442421483342),
(3, 31.63022017702135, -7.994107246922795),
(4, 31.630400442269863, -7.992471233010292),
(5, 31.631723302946344, -8.007963672280312);

-- --------------------------------------------------------

--
-- Structure de la table `quartier`
--

CREATE TABLE IF NOT EXISTS `quartier` (
  `ID` bigint(20) NOT NULL AUTO_INCREMENT,
  `NOM` varchar(255) DEFAULT NULL,
  `NUMABREVIATION` int(11) DEFAULT NULL,
  `ANNEXEADMINISTRATIF_ID` bigint(20) DEFAULT NULL,
  PRIMARY KEY (`ID`),
  KEY `FK_QUARTIER_ANNEXEADMINISTRATIF_ID` (`ANNEXEADMINISTRATIF_ID`)
) ENGINE=InnoDB  DEFAULT CHARSET=latin1 AUTO_INCREMENT=27 ;

--
-- Contenu de la table `quartier`
--

INSERT INTO `quartier` (`ID`, `NOM`, `NUMABREVIATION`, `ANNEXEADMINISTRATIF_ID`) VALUES
(1, 'gueliz', 1, 1),
(2, 'elkodia', 2, 1),
(3, 'plasa', 1, 2),
(4, 'centre', 2, 2),
(5, 'elbadi3', 1, 3),
(6, 'amerchich', 1, 4),
(7, 'bab dekkala', 1, 5),
(8, 'elmlah', 1, 6),
(9, 'saada1', 2, 4),
(10, 'assif', 2, 3),
(11, 'boukar', 2, 5),
(12, 'hhh1', 1, 11),
(14, 'hhh2', 2, 11),
(15, 'hoooh', 1, 12),
(16, 'hooooh', 2, 12),
(17, 'new quartier', 1, 15),
(18, 'Douar elMassakin', 1, 7),
(19, 'Massira1', 1, 8),
(20, 'Massira2', 2, 8),
(21, 'Douar eLasker', 1, 9),
(22, 'lhey elhassani', 2, 9),
(23, 'Douar iziki', 1, 10),
(24, 'Azli', 2, 10),
(25, 'EL MASSAR', 1, 24),
(26, 'EL AZZOUZIA', 2, 24);

-- --------------------------------------------------------

--
-- Structure de la table `redevable`
--

CREATE TABLE IF NOT EXISTS `redevable` (
  `ID` bigint(20) NOT NULL AUTO_INCREMENT,
  `ADRESSE` varchar(255) DEFAULT NULL,
  `CIN` varchar(255) DEFAULT NULL,
  `EMAIL` varchar(255) DEFAULT NULL,
  `FAX` varchar(255) DEFAULT NULL,
  `NATURE` int(11) DEFAULT NULL,
  `NOM` varchar(255) DEFAULT NULL,
  `PATTENTE` varchar(255) DEFAULT NULL,
  `PRENOM` varchar(255) DEFAULT NULL,
  `RC` varchar(255) DEFAULT NULL,
  PRIMARY KEY (`ID`)
) ENGINE=InnoDB  DEFAULT CHARSET=latin1 AUTO_INCREMENT=10 ;

--
-- Contenu de la table `redevable`
--

INSERT INTO `redevable` (`ID`, `ADRESSE`, `CIN`, `EMAIL`, `FAX`, `NATURE`, `NOM`, `PATTENTE`, `PRENOM`, `RC`) VALUES
(1, 'MARRAKECH', 'PB229582', 'aitbassouali@gmail.com', '535454', 2, 'AIT BASSOU', 'ppt1', 'ALI', ''),
(2, 'marrakech', '', 'societe@gmail.com', '4654734', 2, 'Societe', 'pt1', '', '1234'),
(3, 'Casablanca', '', 'aiytghfd@ggd.com', '785765765', 2, 'SMTP SARL', 'hjhj', '', 'uy'),
(4, 'agadir', 'CJ53450', 'aftah@gmail.com', '0977834893', 2, 'Aftah', 'ppt123', 'Mohamed', ''),
(5, 'marrakech-daoudiate', 'EE1234', 'ghassan@exemple.com', '121434655', 2, 'Guessousse', 'pt125', 'ghassan', ''),
(6, 'agadir', 'EE2344', 'hamou@hamou.com', '78646764', 0, 'elmarbooh', 'pp344', 'hamou', NULL),
(7, 'Taroudante', 'CJ12398', 'fatimaac391@gmail.com', '354456768', 1, 'lbatima', 'pt11', 'fatima', NULL),
(9, 'wdwf', 'OD4632', 'wefwf@efwe.com', '3355761', 1, 'elfahimi', 'pp34', 'jhjdw', NULL);

-- --------------------------------------------------------

--
-- Structure de la table `rue`
--

CREATE TABLE IF NOT EXISTS `rue` (
  `ID` bigint(20) NOT NULL AUTO_INCREMENT,
  `NOM` varchar(255) DEFAULT NULL,
  `NUMABREVIATION` int(11) DEFAULT NULL,
  `QUARTIER_ID` bigint(20) DEFAULT NULL,
  PRIMARY KEY (`ID`),
  KEY `FK_RUE_QUARTIER_ID` (`QUARTIER_ID`)
) ENGINE=InnoDB  DEFAULT CHARSET=latin1 AUTO_INCREMENT=41 ;

--
-- Contenu de la table `rue`
--

INSERT INTO `rue` (`ID`, `NOM`, `NUMABREVIATION`, `QUARTIER_ID`) VALUES
(1, 'abd elkarim el khatabi', 1, 1),
(2, 'mohamed6', 2, 1),
(3, 'france', 3, 1),
(4, 'elkodia', 1, 2),
(5, 'mohamed5', 1, 3),
(6, 'allal el fasi', 1, 5),
(7, 'malizia', 1, 6),
(8, 'atalaba', 2, 6),
(9, 'asfi', 1, 7),
(10, 'marjane', 1, 9),
(11, 'casa', 2, 9),
(12, 'youssef ibn tachafin', 1, 8),
(13, 'molay brahim', 2, 8),
(14, 'My rachid', 4, 1),
(15, 'R1', 3, 9),
(16, 'Rue1', 1, 4),
(17, 'R2', 2, 5),
(18, 'R1', 1, 10),
(19, 'R2', 2, 10),
(20, 'Rue1', 2, 2),
(21, 'Rue2', 3, 2),
(22, 'Rue2', 2, 4),
(23, 'R1', 3, 6),
(24, 'R1', 1, 11),
(25, 'R2', 2, 11),
(26, 'R1', 2, 7),
(27, 'R2', 3, 7),
(28, 'hh1', 1, 12),
(29, 'abddee', 1, 14),
(30, 'My ismaile', 1, 18),
(31, 'Ouad el makhazin', 3, 10),
(32, ' rue dar lehlib', 1, 21),
(33, 'ibn battouta', 1, 22),
(34, 'zerktouni', 1, 19),
(35, 'el ahbass', 2, 19),
(36, 'elmanar', 1, 20),
(37, 'rue iziki', 1, 23),
(38, 'rue azli', 1, 24),
(39, 'Rue elmassar', 1, 25),
(40, 'Rue agadir', 1, 26);

-- --------------------------------------------------------

--
-- Structure de la table `secteur`
--

CREATE TABLE IF NOT EXISTS `secteur` (
  `ID` bigint(20) NOT NULL AUTO_INCREMENT,
  `ABREVIATION` varchar(255) DEFAULT NULL,
  `NOMSECTEUR` varchar(255) DEFAULT NULL,
  PRIMARY KEY (`ID`)
) ENGINE=InnoDB  DEFAULT CHARSET=latin1 AUTO_INCREMENT=11 ;

--
-- Contenu de la table `secteur`
--

INSERT INTO `secteur` (`ID`, `ABREVIATION`, `NOMSECTEUR`) VALUES
(1, 'GZ', 'Gueliz'),
(2, 'DT', 'Daoudiat'),
(3, 'MN', 'Madina'),
(4, 'MSR', 'massira'),
(5, 'INR', 'Inara'),
(7, 'S.gh', 'Sidi ghanem'),
(9, 'hhhh', 'hhjhhh'),
(10, 'new', 'new secteur');

-- --------------------------------------------------------

--
-- Structure de la table `sequence`
--

CREATE TABLE IF NOT EXISTS `sequence` (
  `SEQ_NAME` varchar(50) NOT NULL,
  `SEQ_COUNT` decimal(38,0) DEFAULT NULL,
  PRIMARY KEY (`SEQ_NAME`)
) ENGINE=InnoDB DEFAULT CHARSET=latin1;

--
-- Contenu de la table `sequence`
--

INSERT INTO `sequence` (`SEQ_NAME`, `SEQ_COUNT`) VALUES
('SEQ_GEN', '50');

-- --------------------------------------------------------

--
-- Structure de la table `tauxtaxe`
--

CREATE TABLE IF NOT EXISTS `tauxtaxe` (
  `ID` bigint(20) NOT NULL AUTO_INCREMENT,
  `TAUX` double DEFAULT NULL,
  `CATEGORIE_ID` bigint(20) DEFAULT NULL,
  PRIMARY KEY (`ID`),
  KEY `FK_TAUXTAXE_CATEGORIE_ID` (`CATEGORIE_ID`)
) ENGINE=InnoDB  DEFAULT CHARSET=latin1 AUTO_INCREMENT=10 ;

--
-- Contenu de la table `tauxtaxe`
--

INSERT INTO `tauxtaxe` (`ID`, `TAUX`, `CATEGORIE_ID`) VALUES
(1, 4, 1),
(2, 5, 2),
(3, 6, 3),
(4, 8, 4),
(5, 10, 5),
(6, 20, 6),
(7, 15, 7),
(8, 10, 8),
(9, 15, 9);

-- --------------------------------------------------------

--
-- Structure de la table `tauxtaxeretard`
--

CREATE TABLE IF NOT EXISTS `tauxtaxeretard` (
  `ID` bigint(20) NOT NULL AUTO_INCREMENT,
  `TAUXAUTRERETARD` double DEFAULT NULL,
  `TAUXPREMIERRETARD` double DEFAULT NULL,
  `CATEGORIE_ID` bigint(20) DEFAULT NULL,
  PRIMARY KEY (`ID`),
  KEY `FK_TAUXTAXERETARD_CATEGORIE_ID` (`CATEGORIE_ID`)
) ENGINE=InnoDB  DEFAULT CHARSET=latin1 AUTO_INCREMENT=11 ;

--
-- Contenu de la table `tauxtaxeretard`
--

INSERT INTO `tauxtaxeretard` (`ID`, `TAUXAUTRERETARD`, `TAUXPREMIERRETARD`, `CATEGORIE_ID`) VALUES
(1, 1, 4, 1),
(2, 2, 5, 2),
(3, 3, 6, 3),
(4, 5, 8, 4),
(6, 8, 10, 6),
(7, 5, 8, 7),
(8, 2, 5, 8),
(9, 5, 10, 9),
(10, 5, 9, 5);

-- --------------------------------------------------------

--
-- Structure de la table `taxeannuel`
--

CREATE TABLE IF NOT EXISTS `taxeannuel` (
  `ID` bigint(20) NOT NULL AUTO_INCREMENT,
  `ANNEE` int(11) DEFAULT NULL,
  `NBRTRIMESTERPAYE` int(11) DEFAULT NULL,
  `TAXETOTALE` double DEFAULT NULL,
  `LOCALE_ID` bigint(20) DEFAULT NULL,
  PRIMARY KEY (`ID`),
  KEY `FK_TAXEANNUEL_LOCALE_ID` (`LOCALE_ID`)
) ENGINE=InnoDB  DEFAULT CHARSET=latin1 AUTO_INCREMENT=27 ;

--
-- Contenu de la table `taxeannuel`
--

INSERT INTO `taxeannuel` (`ID`, `ANNEE`, `NBRTRIMESTERPAYE`, `TAXETOTALE`, `LOCALE_ID`) VALUES
(1, 2012, 1, 2100, 5),
(2, 2012, 3, 15300, 4),
(3, 2016, 2, 33600, 5),
(4, 2016, 2, 19859.6, 4),
(5, 2016, 3, 50931, 6),
(6, 2013, 1, 178.89, 6),
(8, 2010, 2, 160744.88, 6),
(9, 2014, 1, 6435, 4),
(13, 2015, 2, 88422, 6),
(14, 2013, 1, 67800, 5),
(17, 2016, 3, 21763, 9),
(18, 2017, 1, 4630, 9),
(19, 2015, 2, 70468, 9),
(20, 2014, 1, 8000, 9),
(21, 2013, 1, 27666, 9),
(23, 2012, 2, 329380, 12),
(24, 2013, 1, 86000, 12),
(25, 2017, 1, 5504, 6),
(26, 2015, 1, 17888, 8);

-- --------------------------------------------------------

--
-- Structure de la table `taxetrim`
--

CREATE TABLE IF NOT EXISTS `taxetrim` (
  `ID` bigint(20) NOT NULL AUTO_INCREMENT,
  `AUTRESMOISRETARD` double DEFAULT NULL,
  `DATEPAIEMENT` timestamp NULL DEFAULT NULL,
  `MONTANT` double DEFAULT NULL,
  `MONTANTRETARD` double DEFAULT NULL,
  `MONTANTTOTAL` double DEFAULT NULL,
  `NBRMOISRETARD` int(11) DEFAULT NULL,
  `NOMBRECLIENTS` int(11) DEFAULT NULL,
  `NOMBRENUIT` int(11) DEFAULT NULL,
  `NUMEROTRIM` int(11) DEFAULT NULL,
  `PREMIERMOISRETARD` double DEFAULT NULL,
  `LOCALE_ID` bigint(20) DEFAULT NULL,
  `REDEVABLE_ID` bigint(20) DEFAULT NULL,
  `TAXEANNUEL_ID` bigint(20) DEFAULT NULL,
  `USER_LOGIN` varchar(255) DEFAULT NULL,
  PRIMARY KEY (`ID`),
  KEY `FK_TAXETRIM_REDEVABLE_ID` (`REDEVABLE_ID`),
  KEY `FK_TAXETRIM_USER_LOGIN` (`USER_LOGIN`),
  KEY `FK_TAXETRIM_LOCALE_ID` (`LOCALE_ID`),
  KEY `FK_TAXETRIM_TAXEANNUEL_ID` (`TAXEANNUEL_ID`)
) ENGINE=InnoDB  DEFAULT CHARSET=latin1 AUTO_INCREMENT=33 ;

--
-- Contenu de la table `taxetrim`
--

INSERT INTO `taxetrim` (`ID`, `AUTRESMOISRETARD`, `DATEPAIEMENT`, `MONTANT`, `MONTANTRETARD`, `MONTANTTOTAL`, `NBRMOISRETARD`, `NOMBRECLIENTS`, `NOMBRENUIT`, `NUMEROTRIM`, `PREMIERMOISRETARD`, `LOCALE_ID`, `REDEVABLE_ID`, `TAXEANNUEL_ID`, `USER_LOGIN`) VALUES
(2, 8, '2017-03-11 00:00:00', 80, 20, 2100, 2, 3, 21, 2, NULL, 5, 1, 1, NULL),
(3, 8, '2017-03-11 00:00:00', 80, 20, 4300, 2, 23, 43, 3, NULL, 4, 2, 2, NULL),
(4, 8, '2017-03-11 00:00:00', 80, 20, 6600, 2, 3767, 66, 1, NULL, 4, 2, 2, NULL),
(5, 8, '2017-03-15 00:00:00', 80, 20, 4400, 2, 536, 44, 4, NULL, 4, 1, 2, NULL),
(6, 16500, '2017-03-20 00:00:00', 2400, 18900, 21300, 12, 142, 300, 1, 2400, 5, 1, 3, NULL),
(7, 31.85, '2017-03-20 00:00:00', 13.65, 40.95, 54.6, 8, 237, 91, 2, 9.1, 4, 1, 4, NULL),
(8, 2275, '2017-03-20 00:00:00', 728, 3003, 3731, 6, 343, 91, 3, 728, 6, 2, 5, NULL),
(9, 164.65, '2017-03-20 00:00:00', 7.12, 171.77, 178.89, 38, 123, 89, 4, 7.12, 6, 2, 6, 'admin'),
(10, 360.8, '2017-03-21 00:00:00', 7.04, 367.84, 374.88, 83, 212, 88, 1, 7.04, 6, 2, 8, 'admin'),
(11, 5610, '2017-03-21 00:00:00', 495, 5940, 6435, 35, 234, 33, 1, 330, 4, 1, 9, NULL),
(12, 7500, '2017-04-12 13:51:22', 2400, 9900, 12300, 6, 1200, 300, 3, 2400, 5, 1, 3, 'admin'),
(13, 4500, '2017-04-12 14:50:14', 3600, 8100, 11700, 3, 1000, 450, 4, 3600, 6, 2, 5, 'admin'),
(14, 27500, '2017-04-12 14:55:31', 4000, 31500, 35500, 12, 3000, 500, 1, 4000, 6, 2, 5, 'admin'),
(15, 35190, '2017-04-12 15:26:41', 2448, 37638, 40086, 24, 234, 306, 1, 2448, 6, 2, 13, 'admin'),
(16, 63000, '2017-04-28 19:24:55', 2400, 65400, 67800, 43, 430, 300, 3, 2400, 5, 1, 14, NULL),
(17, 25056, '2017-04-28 20:03:53', 1305, 26361, 27666, 49, 434, 261, 1, 1305, 9, 7, 21, 'admin'),
(18, 13980, '2017-05-01 14:23:53', 3495, 16310, 19805, 13, 0, 233, 1, 2330, 4, 2, 4, 'admin'),
(19, 154050, '2017-05-03 15:17:04', 3160, 157210, 160370, 79, 874, 395, 3, 3160, 6, 1, 8, 'admin'),
(20, 1536, '2017-05-05 02:38:49', 1280, 2816, 4096, 4, 543, 256, 4, 1280, 9, 6, 17, 'admin'),
(21, 3876, '2017-05-05 02:43:45', 1615, 5491, 7106, 7, 542, 323, 3, 1615, 9, 6, 17, 'admin'),
(22, 0, '2017-05-05 02:50:00', 2315, 2315, 4630, 1, 655, 463, 1, 2315, 9, 7, 18, 'admin'),
(23, 30432, '2017-05-05 09:16:42', 3170, 33602, 36772, 25, 203, 634, 1, 3170, 9, 6, 19, 'admin'),
(24, 27216, '2017-05-05 09:23:56', 3240, 30456, 33696, 22, 120, 648, 2, 3240, 9, 7, 19, 'admin'),
(25, 6750, '2017-05-05 09:28:15', 625, 7375, 8000, 28, 60, 125, 4, 625, 9, 7, 20, 'admin'),
(26, 64515, '2017-05-05 16:44:55', 3795, 67045, 70840, 52, 123, 253, 4, 2530, 12, 7, 23, 'admin'),
(27, 237690, '2017-05-06 13:40:30', 12510, 246030, 258540, 58, 76, 834, 2, 8340, 12, 7, 23, 'admin'),
(28, 77400, '2017-05-06 13:41:15', 5160, 80840, 86000, 46, 762, 344, 2, 3440, 12, 7, 24, 'admin'),
(29, 0, '2017-05-06 13:43:07', 2752, 2752, 5504, 1, 762, 344, 1, 2752, 6, 2, 25, 'admin'),
(30, 14448, '2017-05-06 13:44:06', 1720, 16168, 17888, 22, 762, 344, 2, 1720, 8, 2, 26, 'admin'),
(31, 41040, '2017-05-06 13:45:19', 3648, 44688, 48336, 19, 536, 456, 3, 3648, 6, 2, 13, 'admin'),
(32, 3897, '2017-05-07 02:12:06', 1732, 5629, 7361, 10, 94, 433, 2, 1732, 9, 7, 17, 'admin');

-- --------------------------------------------------------

--
-- Structure de la table `user`
--

CREATE TABLE IF NOT EXISTS `user` (
  `LOGIN` varchar(255) NOT NULL,
  `ADMINE` tinyint(1) DEFAULT '0',
  `BLOCKED` int(11) DEFAULT NULL,
  `CREATEADRESSE` tinyint(1) DEFAULT '0',
  `CREATECTEGORIETAUX` tinyint(1) DEFAULT '0',
  `CREATELOCALE` tinyint(1) DEFAULT '0',
  `CREATEREDEVABLE` tinyint(1) DEFAULT '0',
  `CREATETAXES` tinyint(1) DEFAULT '0',
  `CREATEUSER` tinyint(1) DEFAULT '0',
  `EMAIL` varchar(255) DEFAULT NULL,
  `NBRCNX` int(11) DEFAULT NULL,
  `NOM` varchar(255) DEFAULT NULL,
  `PASSWORD` varchar(255) DEFAULT NULL,
  `PRENOM` varchar(255) DEFAULT NULL,
  `TEL` varchar(255) DEFAULT NULL,
  `ANNEXEADMINISTRATIF_ID` bigint(20) DEFAULT NULL,
  PRIMARY KEY (`LOGIN`),
  KEY `FK_USER_ANNEXEADMINISTRATIF_ID` (`ANNEXEADMINISTRATIF_ID`)
) ENGINE=InnoDB DEFAULT CHARSET=latin1;

--
-- Contenu de la table `user`
--

INSERT INTO `user` (`LOGIN`, `ADMINE`, `BLOCKED`, `CREATEADRESSE`, `CREATECTEGORIETAUX`, `CREATELOCALE`, `CREATEREDEVABLE`, `CREATETAXES`, `CREATEUSER`, `EMAIL`, `NBRCNX`, `NOM`, `PASSWORD`, `PRENOM`, `TEL`, `ANNEXEADMINISTRATIF_ID`) VALUES
('admin', 1, 0, 1, 1, 1, 1, 1, 1, 'aitbassouali@gmail.com', 0, 'AitBassou', '6b86b273ff34fce19d6b804eff5a3f5747ada4eaa22f1d49c01e52ddb7875b4b', 'ali', '0696224042', 1),
('admiwf', 0, 0, 0, 0, 0, 0, 0, 1, 'efe@fe.com', 0, 'dve', '6b86b273ff34fce19d6b804eff5a3f5747ada4eaa22f1d49c01e52ddb7875b4b', 'efe', '45464', 1),
('ali', 0, 0, 0, 0, 1, 0, 0, 0, 'aitbassou@gmail.com', 0, 'basouu', '6b86b273ff34fce19d6b804eff5a3f5747ada4eaa22f1d49c01e52ddb7875b4b', 'alii', '5654575', 1),
('root', 1, 0, 1, 1, 1, 1, 1, 1, 'aitbassouali@gmail.com', 0, 'nmroot', '4813494d137e1631bba301d5acab6e7bb7aa74ce1185d456565ef51d737677b2', 'prnroot', '454365', 3),
('Souhail', 0, 0, 0, 0, 0, 1, 1, 1, 'aitbassouali@gmail.com', 0, 'Souhail', '6b86b273ff34fce19d6b804eff5a3f5747ada4eaa22f1d49c01e52ddb7875b4b', 'El fahimi', '09564345', 3);

--
-- Contraintes pour les tables exportées
--

--
-- Contraintes pour la table `annexeadministratif`
--
ALTER TABLE `annexeadministratif`
  ADD CONSTRAINT `FK_ANNEXEADMINISTRATIF_SECTEUR_ID` FOREIGN KEY (`SECTEUR_ID`) REFERENCES `secteur` (`ID`);

--
-- Contraintes pour la table `device`
--
ALTER TABLE `device`
  ADD CONSTRAINT `FK_DEVICE_USER_LOGIN` FOREIGN KEY (`USER_LOGIN`) REFERENCES `user` (`LOGIN`);

--
-- Contraintes pour la table `historique`
--
ALTER TABLE `historique`
  ADD CONSTRAINT `FK_HISTORIQUE_DEVICE_ID` FOREIGN KEY (`DEVICE_ID`) REFERENCES `device` (`ID`),
  ADD CONSTRAINT `FK_HISTORIQUE_USER_LOGIN` FOREIGN KEY (`USER_LOGIN`) REFERENCES `user` (`LOGIN`);

--
-- Contraintes pour la table `journal`
--
ALTER TABLE `journal`
  ADD CONSTRAINT `FK_JOURNAL_DEVICE_ID` FOREIGN KEY (`DEVICE_ID`) REFERENCES `device` (`ID`),
  ADD CONSTRAINT `FK_JOURNAL_USER_LOGIN` FOREIGN KEY (`USER_LOGIN`) REFERENCES `user` (`LOGIN`);

--
-- Contraintes pour la table `locale`
--
ALTER TABLE `locale`
  ADD CONSTRAINT `FK_LOCALE_CATEGORIE_ID` FOREIGN KEY (`CATEGORIE_ID`) REFERENCES `categorie` (`ID`),
  ADD CONSTRAINT `FK_LOCALE_GERANT_ID` FOREIGN KEY (`GERANT_ID`) REFERENCES `redevable` (`ID`),
  ADD CONSTRAINT `FK_LOCALE_POSITIONLOCALE_ID` FOREIGN KEY (`POSITIONLOCALE_ID`) REFERENCES `positionlocale` (`ID`),
  ADD CONSTRAINT `FK_LOCALE_PROPRIETAIRE_ID` FOREIGN KEY (`PROPRIETAIRE_ID`) REFERENCES `redevable` (`ID`),
  ADD CONSTRAINT `FK_LOCALE_RUE_ID` FOREIGN KEY (`RUE_ID`) REFERENCES `rue` (`ID`);

--
-- Contraintes pour la table `quartier`
--
ALTER TABLE `quartier`
  ADD CONSTRAINT `FK_QUARTIER_ANNEXEADMINISTRATIF_ID` FOREIGN KEY (`ANNEXEADMINISTRATIF_ID`) REFERENCES `annexeadministratif` (`ID`);

--
-- Contraintes pour la table `rue`
--
ALTER TABLE `rue`
  ADD CONSTRAINT `FK_RUE_QUARTIER_ID` FOREIGN KEY (`QUARTIER_ID`) REFERENCES `quartier` (`ID`);

--
-- Contraintes pour la table `tauxtaxe`
--
ALTER TABLE `tauxtaxe`
  ADD CONSTRAINT `FK_TAUXTAXE_CATEGORIE_ID` FOREIGN KEY (`CATEGORIE_ID`) REFERENCES `categorie` (`ID`);

--
-- Contraintes pour la table `tauxtaxeretard`
--
ALTER TABLE `tauxtaxeretard`
  ADD CONSTRAINT `FK_TAUXTAXERETARD_CATEGORIE_ID` FOREIGN KEY (`CATEGORIE_ID`) REFERENCES `categorie` (`ID`);

--
-- Contraintes pour la table `taxeannuel`
--
ALTER TABLE `taxeannuel`
  ADD CONSTRAINT `FK_TAXEANNUEL_LOCALE_ID` FOREIGN KEY (`LOCALE_ID`) REFERENCES `locale` (`ID`);

--
-- Contraintes pour la table `taxetrim`
--
ALTER TABLE `taxetrim`
  ADD CONSTRAINT `FK_TAXETRIM_LOCALE_ID` FOREIGN KEY (`LOCALE_ID`) REFERENCES `locale` (`ID`),
  ADD CONSTRAINT `FK_TAXETRIM_REDEVABLE_ID` FOREIGN KEY (`REDEVABLE_ID`) REFERENCES `redevable` (`ID`),
  ADD CONSTRAINT `FK_TAXETRIM_TAXEANNUEL_ID` FOREIGN KEY (`TAXEANNUEL_ID`) REFERENCES `taxeannuel` (`ID`),
  ADD CONSTRAINT `FK_TAXETRIM_USER_LOGIN` FOREIGN KEY (`USER_LOGIN`) REFERENCES `user` (`LOGIN`);

--
-- Contraintes pour la table `user`
--
ALTER TABLE `user`
  ADD CONSTRAINT `FK_USER_ANNEXEADMINISTRATIF_ID` FOREIGN KEY (`ANNEXEADMINISTRATIF_ID`) REFERENCES `annexeadministratif` (`ID`);
SET FOREIGN_KEY_CHECKS=1;

/*!40101 SET CHARACTER_SET_CLIENT=@OLD_CHARACTER_SET_CLIENT */;
/*!40101 SET CHARACTER_SET_RESULTS=@OLD_CHARACTER_SET_RESULTS */;
/*!40101 SET COLLATION_CONNECTION=@OLD_COLLATION_CONNECTION */;
